SOURCEURL,Date,Event name,Type,cluster,actor1_countries,actor2_countries,event_locations,combined_text_entities,combined_text_entity_types,keywords,first_event_date,title,description,event_count,avg_goldstein_score,site_name,language,actor1_names,actor2_names,event_descriptions,author
http://www.kenyastar.com/news/278680213/russia-and-african-nation-set-new-tone-in-music-ties,2025-11-07,Russia and African nation set new tone in music ties,DIP,,MLI | RUS,RUS | MLI,ML | UV,,,"the concert, telegram, and one, bamako, bamako hosted, students, state, diplomatic, humanitarian",2025-11-07,Russia and African nation set new tone in music ties,Russia is deepening educational and cultural partnerships with Mali through joint conservatory programs Read Full Article at RT.com,13,1.392307692,Kenya Star,en,BAMAKO | MALI | ST PETERSBURG | RUSSIAN,ST PETERSBURG | RUSSIAN | BAMAKO | MALI,"['Consult, not specified below', 'Engage in symbolic act', 'Host a visit', 'Make a visit']",
https://www.graphic.com.gh/news/general-news/ghana-news-russia-committed-to-cultural-exchange-with-ghana.html,2025-11-07,Russia committed to cultural exchange with Ghana - Graphic Online,DIP,,GHA | RUS,RUS | GHA,GH,,,,2025-11-07,Russia committed to cultural exchange with Ghana - Graphic Online,"The Consular of the Embassy of the Russian Federation in Ghana, Natalia Muzhennikova, has indicated that the Russian Embassy is committed to promoting cultural exchange and educational cooperation between Russia and Ghana",5,6.0,Graphic Online,en-gb,GHANA | RUSSIA,RUSSIA | GHANA,"['Grant diplomatic recognition', 'Engage in material cooperation, not specified below']",
https://www.nysun.com/article/in-asia-africa-and-the-americas-russia-retreats,2025-11-07,"In Asia, Africa, and the Americas, Russia Retreats | The New York Sun",DIP,,AFR | RUS | USA,RUS | AFR | MLI,SF | ML | NI,,,,2025-11-07,"In Asia, Africa, and the Americas, Russia Retreats | The New York Sun","With a bipolar world emerging between America and Communist China, Russia could be marginalized.",5,4.5,The New York Sun,en,AFRICA | RUSSIA | UNITED STATES,RUSSIA | AFRICA | MALIAN | MALI,"['Consult, not specified below', 'Express intent to provide military aid', 'Provide military aid', 'Provide aid, not specified below']",
https://dailypost.ng/2025/11/07/russia-monitoring-potential-us-military-action-in-nigeria/,2025-11-07,Russia monitoring potential US military action in Nigeria - Daily Post Nigeria,SEC,,RUS,NGA,NI,,,,2025-11-07,Russia monitoring potential US military action in Nigeria - Daily Post Nigeria,"The Russian government on Friday confirmed it is monitoring the events in Nigeria, following President Donald Trump's recent statements regarding a",4,-2.0,Daily Post Nigeria,en-US,RUSSIA | RUSSIAN,MILITARY | NIGERIA,"['Investigate, not specified below']",Wale Odunsi
https://www.firstpost.com/world/south-africa-probes-recruitment-of-men-as-mercenaries-in-russia-ukraine-war-13948573.html,2025-11-07,South Africa probes recruitment of men as mercenaries in Russia-Ukraine war – Firstpost,SEC,,RUS,AFR,SF,,,"russia ukraine war,south africa,south africans in russia ukraine war,south africans recruited as mercenaries",2025-11-07,South Africa probes recruitment of men as mercenaries in Russia-Ukraine war – Firstpost,"The South African government said in a statement that as many as 17 men were lured into fighting in the war on the pretext of lucrative jobs. This phenomenon is not new to India, as several men continue to remain trapped in Ukraine as a result of being duped by Russian agents",4,-2.05,Firstpost,en-us,RUSSIA,AFRICA,"['Decline comment', 'Reject, not specified below']",
https://www.yahoo.com/news/articles/germanys-afd-reject-treason-allegation-200448091.html,2025-11-07,Germany's AfD reject 'treason' allegation over lawmakers' Russia trip,DIP,,DEU,RUS,SF,,,"Russia, Germany, conservative politicians",2025-11-07,Germany's AfD reject 'treason' allegation over lawmakers' Russia trip,"The Alternative for Germany (AfD) on Friday rejected allegations of ""treason"" over plans for several of the far-right party's lawmakers to visit Russia next week. The trip has attracted severe criticism from conservative German politicians due to Russia's war with Ukraine.",2,-2.0,Yahoo News,en-US,GERMANY,RUSSIA,['Deny responsibility'],
https://www.moroccoworldnews.com/2025/11/266943/russia-reiterates-support-for-un-led-process-in-western-sahara/,2025-11-07,Russia Reiterates Support for UN-Led Process in Western Sahara,DIP,,RUS,RUS,AG,,,,2025-11-07,Russia Reiterates Support for UN-Led Process in Western Sahara,Russian Deputy Foreign Minister Sergey Vershinin reconfirmed Russia’s visibly evolving position on the Western Sahara dispute,2,3.4,Morocco World News,en-US,THE UN | RUSSIA,RUSSIAN,['Praise or endorse'],Safaa Kasraoui
https://www.kyivpost.com/post/63861,2025-11-07,"Kyiv Says Over 1,400 Africans Fighting for Russia in Ukraine",SEC,,KEN,RUS,KE,,,,2025-11-07,"Kyiv Says Over 1,400 Africans Fighting for Russia in Ukraine","According to Ukraine’s foreign minister, Russia is using a variety of recruitment tactics to attract foreign fighters – offering financial incentives, misleading contracts, or using coercion.",2,8.3,Kyiv Post,,KENYAN,RUSSIAN,['Provide military aid'],Alisa Orlova
https://www.politico.eu/article/kremlin-denies-rumors-sergey-lavrovs-ousted/,2025-11-07,Kremlin denies growing rumors of Sergey Lavrov’s ouster – POLITICO,DIP,,RUS,RUS,SF,,,"Kremlin,Russia,Russian politics,Sergey Lavrov",2025-11-07,Kremlin denies growing rumors of Sergey Lavrov’s ouster – POLITICO,"“Completely untrue,” insists Vladimir Putin’s spokesperson, as chatter builds about the veteran foreign minister.",2,-4.0,POLITICO,en-GB,RUSSIA,SERGEY LAVROV,"['Reject, not specified below']",
https://cyprus-mail.com/2025/11/07/kremlin-dismisses-speculation-that-lavrov-has-fallen-out-of-favour-with-putin,2025-11-07,Kremlin dismisses speculation that Lavrov has fallen out of favour with Putin |  Cyprus Mail,DIP,,AFR,RUS,SF,,,,2025-11-07,Kremlin dismisses speculation that Lavrov has fallen out of favour with Putin |  Cyprus Mail,"The Kremlin on Friday dismissed speculation that Russian Foreign Minister Sergei Lavrov had fallen out of favour with Vladimir Putin after efforts to organise a summit between the Russian president and Donald Trump were put on ice last month. Lavrov, 75, a veteran Soviet-era diplomat known for his robust negotiating&hellip;",1,4.0,,en,AFRICA,RUSSIA,['Express intent to meet or negotiate'],
https://www.thecable.ng/russia-were-monitoring-us-plans-for-possible-military-action-in-nigeria/,2025-11-07,Russia: We're monitoring US plans for possible military action in Nigeria | TheCable,DIP,,RUS,RUS,NI,,,,2025-11-07,Russia: We're monitoring US plans for possible military action in Nigeria | TheCable,Russia says it is closely monitoring developments related to reports of potential US military action in Nigeria.,1,1.0,TheCable,en-US,RUSSIA,RUSSIA,"['Consult, not specified below']",Claire Mom
https://www.standardmedia.co.ke/opinion/article/2001533660/one-who-poisons-others-should-not-regulate-chemical-disarmament,2025-11-07,One who poisons others should not regulate chemical disarmament  - The Standard,INFO,,,RUS,KE,,,"Russia-Ukraine WarRussian Chemical Weapons, Ukraine Defence Systems, Russia-Ukraine Ceasefire",2025-11-07,One who poisons others should not regulate chemical disarmament  - The Standard,"When any state, anywhere, uses chemical agents and faces no consequence, it weakens the entire structure of international security.",1,1.9,The Standard,en,,MOSCOW,['Make a visit'],Yurii Tokar
https://www.standardmedia.co.ke/national/article/2001533720/too-little-too-late-ruto-fails-kenyans-trapped-in-russia,2025-11-07,Too little too late: Why Ruto has failed Kenyans trapped in Russia  - The Standard,DIP,,RUS,KEN,KE,,,"President William RutoKenyans In Russia, Russia-Ukraine War, Trapped In Russia",2025-11-07,Too little too late: Why Ruto has failed Kenyans trapped in Russia  - The Standard,"Ruto had a telephone conversation with Ukrainian President Volodymyr Zelensky on Thursday evening, where he reportedly requested the release of Kenyans detained in Ukraine.",1,3.0,The Standard,en,RUSSIA,KENYAN,"['Appeal, not specified below']",David Odongo and Alex Kiarie
https://www.dailymail.co.uk/news/article-15268427/Putin-Sergei-Lavrov-disgrace-collapse-summit-Trump.html,2025-11-07,Putin 'sends Sergei Lavrov into disgrace' after blaming him for the collapse of his summit with Trump | Daily Mail Online,DIP,,RUS,,SF,,,"dailymail,news,Russia,Ukraine",2025-11-07,Putin 'sends Sergei Lavrov into disgrace' after blaming him for the collapse of his summit with Trump | Daily Mail Online,"Reports of fresh turmoil in the Kremlin come as the hard-line chief diplomat, who has not been seen in public in recent days, is sidelined from key summits and meetings in Russia .",1,-2.0,Mail Online,,RUSSIA,ADMINISTRATION,"['Accuse, not specified below']",Sabrina Penty
https://en.interfax.com.ua/news/general/1118779.html,2025-11-07,"Over 1,400 Africans from 36 nations fighting for Russia in war on Ukraine – FM Sybiha",SEC,,,RUS,SF,,,"sybiha, army, african",2025-11-07,"Over 1,400 Africans from 36 nations fighting for Russia in war on Ukraine – FM Sybiha","According to available information, at least 1,436 citizens from 36 African countries are currently fighting in the ranks of the Russian army, Ukrainian Foreign Minister Andriy Sybiha has said, calling on African governments to publicly warn their citizens against joining the Russian occupation army.",1,-10.0,Interfax-Ukraine,en,AFRICANS,RUSSIA,"['Use conventional military force, not specified below']",
https://en.interfax.com.ua/news/general/1118786.html,2025-11-07,Kenyan president thanks Ukraine for aiding release of Kenyans duped into fighting for Russia,SEC,,KEN,RUS,KE,,,"conversation, zelenskyy, ruto",2025-11-07,Kenyan president thanks Ukraine for aiding release of Kenyans duped into fighting for Russia,"Kenyan President William Ruto has commented on his conversation with Ukrainian President Volodymyr Zelenskyy, thanking him for his assistance in the release of Kenyan citizens illegally recruited by Russia.",1,7.0,Interfax-Ukraine,en,KENYAN,RUSSIA,"['Return, release, not specified below']",
https://cyprus-mail.com/2025/11/06/south-africa-to-probe-recruitment-of-citizens-as-mercenaries-in-russia-ukraine-conflict,2025-11-06,South Africa to probe recruitment of citizens as mercenaries in Russia-Ukraine conflict |  Cyprus Mail,SEC,,AFR | RUS,RUS | AFR,SF,,,,2025-11-06,South Africa to probe recruitment of citizens as mercenaries in Russia-Ukraine conflict |  Cyprus Mail,"South Africa&#039;s government said on Thursday it will investigate how 17 of its citizens joined mercenary forces in the Russia-Ukraine conflict after the men sent distress calls for help to return home. The men were lured into fighting under the pretext of lucrative employment contracts, a statement issued by South&hellip;",5,-1.72,,en,AFRICA | RUSSIA,RUSSIA | AFRICA,"['Make pessimistic comment', 'Decline comment', 'Reject, not specified below']",
https://www.dw.com/en/ukraine-russia-says-advances-made-in-key-city-of-pokrovsk/live-74638773,2025-11-06,Ukraine: Russia says advances made in key city of Pokrovsk – DW – 11/06/2025,SEC,,RUS | UKR,UKR | RUS,SF,,,,2025-11-06,Ukraine: Russia says advances made in key city of Pokrovsk – DW – 11/06/2025,"Russia says it has nearly surrounded the frontline city and is close to capturing it, after over a year of fighting. Meanwhile, South Africa is probing how 17 of its citizens were lured to fight in the war. DW has more.",3,-6.333333333,dw.com,en,RUSSIAN | UKRAINE,UKRAINE | KHARKIV | RUSSIAN,"['Use conventional military force, not specified below', 'Consult, not specified below']",
https://www.themoscowtimes.com/2025/11/06/with-russian-houses-moscow-expands-soft-power-push-into-africa-a91052,2025-11-06,"With 'Russian Houses,' Moscow Expands Soft Power Push Into Africa - The Moscow Times",INFO,,AFR | RUS,RUS | USA,SF | UV,,,"Africa,Diplomacy,Rossotrudnichestvo",2025-11-06,"With 'Russian Houses,' Moscow Expands Soft Power Push Into Africa - The Moscow Times","The curtains were drawn, the chairs were set and a projector was lowered.",3,0.1333333333,The Moscow Times,en,AFRICA | RUSSIAN,RUSSIA | WASHINGTON,"['Make statement, not specified below', 'Make optimistic comment']",Brawley Benson
https://www.the-star.co.ke/news/2025-11-06-zelensky-urges-tougher-sanctions-after-russian-strikes-injure-8,2025-11-06,Zelensky urges tougher sanctions after fresh Russian strikes injure 8 in Dnipro,DIP,,RUS | UKR,UKR | RUS,KE,,,"Zelensky,Ukraine war,Dnipro drone strikes,Russia sanctions,Kenya Ukraine relations,William Ruto,Russian invasion,Ukrainian children,G7 sanctions,Africa diplomacy",2025-11-06,Zelensky urges tougher sanctions after fresh Russian strikes injure 8 in Dnipro,"Zelensky asked the US, Europe and G7 to tighten sanctions on Russia’s energy trade and finances",3,-1.0,The Star,en,RUSSIAN | UKRAINE,UKRAINE | RUSSIAN,"['Consult, not specified below', 'Arrest, detain, or charge with legal action']",
https://www.cnbcafrica.com/2025/south-africa-to-investigate-how-17-citizens-were-lured-into-fighting-in-ukraine,2025-11-06,South Africa to probe recruitment of citizens as mercenaries in Russia-Ukraine conflict - CNBC Africa,SEC,,AFR,RUS,SF,,,,2025-11-06,South Africa to probe recruitment of citizens as mercenaries in Russia-Ukraine conflict - CNBC Africa,"JOHANNESBURG, Nov 6 (Reuters) – South Africa’s government said on Thursday it will investigate how 17 of its citizens joined mercenary forces in the Russia-Ukraine conflict after the men sent distress calls for help to return home. The men were lured into fighting under the pretext of lucrative employment contracts, a statement issued by South Africa’s presidency […]",2,-0.4,,en,AFRICA,RUSSIA,['Make pessimistic comment'],
https://www.politico.eu/article/south-africa-russia-vladimir-putin-probes-17-mercenaries-suspected-fighting/,2025-11-06,"17 mercenaries are accused of fighting for Russia. Now, South Africa wants them home. – POLITICO",SEC,,AFR | BRA,RUS,SF,,,"Africa,Military,Russia,South Africa,Ukraine,War in Ukraine",2025-11-06,"17 mercenaries are accused of fighting for Russia. Now, South Africa wants them home. – POLITICO",President Cyril Ramaphosa’s government launches bid to repatriate men who Ukraine suspects of joining Moscow’s invasion.,2,3.5,POLITICO,en-GB,AFRICA | BRAZIL,RUSSIA,"['Engage in diplomatic cooperation, not specified below']",
https://charter97.org/en/news/2025/11/6/662036/,2025-11-06,Il-76 With Russian Crew Shot Down In Sudan: What Mission The Plane Was Carrying Out - Belarusian News - Charter'97,SEC,,SDN,RUS,SU,,,,2025-11-06,Il-76 With Russian Crew Shot Down In Sudan: What Mission The Plane Was Carrying Out - Belarusian News - Charter'97,New details of the incident have emerged.,2,-10.0,,en,SUDAN,RUSSIAN,"['Use conventional military force, not specified below']",
https://chimpreports.com/habib-kagimu-ukraine-fighting-russia-extremely-stupid/,2025-11-06,Habib Kagimu: Ukraine Fighting Russia ‘Extremely Stupid’ | ChimpReports,DIP,,UKR,RUS,UG,,,,2025-11-06,Habib Kagimu: Ukraine Fighting Russia ‘Extremely Stupid’ | ChimpReports,"Habib Kagimu, Malaysia’s Honorary Consul in Uganda, has criticized Ukraine’s ongoing war with Russia as “extremely stupid,” saying the conflict was unwinnable and risked dragging the world closer to catastrophe. Kagimu said he told Ukraine’s ambassador to Uganda, Andrii Pravednyk, that Kyiv should reconsider its strategy in a war that has stretched for more than …",1,0.0,ChimpReports,en-US,UKRAINE,RUSSIA,['Consider policy option'],Stuart Ampaire
https://www.the-star.co.ke/news/africa/2025-11-06-ramaphosa-south-africans-trapped-after-joining-russia-ukraine-war,2025-11-06,"South Africans trapped in Donbas after joining Russia-Ukraine war, Ramaphosa says",DIP,,RUS,,SF,,,"Ukraine,russia,ramaphosa,leaders,reports,star news,the star newspaper,star news Kenya,the star",2025-11-06,"South Africans trapped in Donbas after joining Russia-Ukraine war, Ramaphosa says","South African government is working through ""diplomatic channels"" to secure their return",1,-2.0,The Star,en,RUSSIA,,"['Investigate, not specified below']",
https://www.dw.com/en/south-africa-probes-how-17-of-its-citizens-were-lured-to-fight-as-mercenaries-in-ukraine/live-74638773,2025-11-06,Ukraine: Russia says advances made in key city of Pokrovsk – DW – 11/06/2025,SEC,,RUS,AFR,SF,,,,2025-11-06,Ukraine: Russia says advances made in key city of Pokrovsk – DW – 11/06/2025,"Russia says it has nearly surrounded the frontline city and is close to capturing it, after over a year of fighting. Meanwhile, South Africa is probing how 17 of its citizens were lured to fight in the war. DW has more.",1,-10.0,dw.com,en,RUSSIA,AFRICA,"['Use conventional military force, not specified below']",
"https://www.africaintelligence.com/eastern-africa-and-the-horn/2025/11/06/port-sudan-seeks-russian-combat-aircraft-to-lead-strikes-against-rsf,110555668-art",2025-11-06,Sudan  • Port Sudan seeks Russian combat aircraft to lead strikes against RSF,SEC,,SDN,RUS,SU,,,,2025-11-06,Sudan  • Port Sudan seeks Russian combat aircraft to lead strikes against RSF,"A few weeks before the military defeat in El Fasher, the SAF high command had launched consultations to acquire Sukhoi fighter jets. Since the fall of the Darfurian city, the objective has been to",1,-10.0,Africa Intelligence,en,SUDAN,RUSSIAN,['Employ aerial weapons'],
https://tass.com/economy/2040011,2025-11-06,UralChem shipped humanitarian batch of fertilizers to Bangladesh -  Business & Economy - TASS,ECON,,RUS,,MI,,,,2025-11-06,UralChem shipped humanitarian batch of fertilizers to Bangladesh -  Business & Economy - TASS,"The delivery of fertilizers earlier stored in Latvia was implemented with assistance of the UN World Food Programme, which chartered a vessel to carry the cargo",1,0.0,TASS,,RUSSIAN,PRODUCER,"['Make statement, not specified below']",
https://www.africa-newsroom.com/press/the-economic-community-of-west-african-states-ecowas-commission-president-receives-delegation-from-task-force-on-ecowas-trade-liberalization-scheme-and-russian-ambassador-accredited-to-nigeria-and-ecowas,2025-11-05,APO Group - Africa Newsroom  / Press release | The Economic Community of West African States (ECOWAS) Commission President receives delegation from Task Force on ECOWAS Trade Liberalization Scheme and Russian ambassador accredited to Nigeria and ECOWAS,DIP,,NGA | RUS,RUS | NGA,NI,,,The ECOWAS Trade Liberalization Scheme (ETLS) is a major economic achievement in the construction of the Common Market and regional integration in West Africa,2025-11-05,APO Group - Africa Newsroom  / Press release | The Economic Community of West African States (ECOWAS) Commission President receives delegation from Task Force on ECOWAS Trade Liberalization Scheme and Russian ambassador accredited to Nigeria and ECOWAS,The Economic Community of West African States (ECOWAS) Commission President receives delegation from Task Force on ECOWAS Trade Liberalization Scheme and Russian ambassador accredited to Nigeria and ECOWAS,4,2.35,,en,PRESIDENT | NIGERIA | RUSSIA,RUSSIA | PRESIDENT | NIGERIA,"['Host a visit', 'Make a visit']",Economic Community of West African States (ECOWAS)
https://tass.com/economy/2039775,2025-11-05,"Russia to expand cooperation with Ethiopia in industry, energy, agriculture -  Business & Economy - TASS",ECON,,RUS,ETH,ET,,,,2025-11-05,"Russia to expand cooperation with Ethiopia in industry, energy, agriculture -  Business & Economy - TASS","The supply of Ethiopian coffee to the Russian market continues to increase, Russian Economic Development Minister Maxim Reshetnikov noted",3,3.5,TASS,,RUSSIA,ETHIOPIA,"['Engage in diplomatic cooperation, not specified below']",
https://www.aps.dz:443/en/algeria/national-news/mhm7pqd1-successive-generations-will-remember-soviet-demining-experts-support-to-algeria-says-sayoud,2025-11-05,"Successive generations will remember Soviet demining experts' support to Algeria, says Sayoud | Algérie Presse Service",SEC,,DZA,RUS,AG,,,,2025-11-05,"Successive generations will remember Soviet demining experts' support to Algeria, says Sayoud | Algérie Presse Service","<p>ALGIERS - Minister of Interior, Local Authorities and Transport, Said Sayoud, affirmed on Wednesday in the municipality of al Ayoun, in El-Tarf province, that successive generations will continue to preserve in the collective memory the support provided by the Soviet demining experts to Algeria following its independence.</p>",2,3.4,,en,ALGERIA,RUSSIA,['Praise or endorse'],
http://www.sierraleonetimes.com/news/278675884/russia-urging-icc-to-drop-sudan-case,2025-11-05,Russia urging ICC to drop Sudan case,DIP,,RUS,SDN,SU,,,The Russian Embassy in Egypt has called for the withdrawal of the Darfur war crimes case from the ICC Read Full Article at RT.com,2025-11-05,Russia urging ICC to drop Sudan case,The Russian Embassy in Egypt has called for the withdrawal of the Darfur war crimes case from the ICC Read Full Article at RT.com,1,3.0,Sierra Leone Times,en,RUSSIA,SUDAN,"['Appeal, not specified below']",
http://www.zimbabwestar.com/news/278676114/russia-urges-icc-to-drop-sudan-case,2025-11-05,Russia urges ICC to drop Sudan case,DIP,,RUS,SDN,SU,,,"atrocities, jurisdiction, the sudanese, conflict, sudan, russian, sudanese, crimes, accused",2025-11-05,Russia urges ICC to drop Sudan case,The Russian Embassy in Egypt has called for the withdrawal of the Darfur war crimes case from the ICC Read Full Article at RT.com,1,-5.0,Zimbabwe Star,en,MOSCOW,SUDAN,"['Demand, not specified below']",
http://www.kenyastar.com/news/278674845/russia-g20-summit-delegation-revealed,2025-11-05,Russia's G20 summit delegation revealed,DIP,,RUS,,SF,,,Russian President Vladimir Putin has approved the officials to represent Moscow at the upcoming G20 summit in South Africa Read Full Article at RT.com,2025-11-05,Russia's G20 summit delegation revealed,Russian President Vladimir Putin has approved the officials to represent Moscow at the upcoming G20 summit in South Africa Read Full Article at RT.com,1,4.0,Kenya Star,en,SERGEY LAVROV,,['Express intent to meet or negotiate'],
https://united24media.com/anti-fake/20-years-of-rt-how-russias-propaganda-hydra-survived-the-ban-13121,2025-11-05,20 Years of RT: How Russia’s Propaganda Hydra Survived the Ban — UNITED24 Media,INFO,,RUS,PSE,RW,,,,2025-11-05,20 Years of RT: How Russia’s Propaganda Hydra Survived the Ban — UNITED24 Media,"RT marks two decades as a state propaganda entity, using AI-driven content and disinformation tactics to influence perceptions and advance Russia's agenda abroad.",1,-2.0,UNITED24 Media,en,RUSSIA,HAMAS,['Criticize or denounce'],
https://www.defensenews.com/global/the-americas/2025/11/04/after-caracas-stop-mysterious-russian-plane-flew-to-cuba-nicaragua/,2025-11-04,"After Caracas stop, mysterious Russian plane flew to Cuba, Nicaragua",SEC,,DZA | MRT | RUS | VEN,RUS | DZA | MRT | VEN,AG,,,"dn-dnr, venezuela, russia, cuba, ukraine, circulated-defense-news, defense-news",2025-11-04,"After Caracas stop, mysterious Russian plane flew to Cuba, Nicaragua","The recent trip to Latin America comes amid high tensions between Washington and Caracas, as the Pentagon positions military assets near Venezuela.",6,2.35,Defense News,en,ALGERIA | MAURITANIA | RUSSIA | VENEZUELA,RUSSIA | ALGERIA | MAURITANIA | VENEZUELA,"['Make a visit', 'Host a visit']",Linus Höller
https://www.ecowas.int/ecowas-commission-president-receives-delegation-from-task-force-on-ecowas-trade-liberalization-scheme-and-russian-ambassador-accredited-to-nigeria-and-ecowas/,2025-11-04,ECOWAS Commission President receives delegation from Task Force on ECOWAS Trade Liberalization Scheme and Russian ambassador accredited to Nigeria and ECOWAS |  Economic Community of West African States (ECOWAS),DIP,,RUS,RUS,NI,,,,2025-11-04,ECOWAS Commission President receives delegation from Task Force on ECOWAS Trade Liberalization Scheme and Russian ambassador accredited to Nigeria and ECOWAS |  Economic Community of West African States (ECOWAS),—D'une CEDEAO des Etats à une CEDEAO des peuples,2,2.35,,en,PRESIDENT | RUSSIAN,RUSSIAN | PRESIDENT,"['Host a visit', 'Make a visit']",Daniel Inaju - Challydoff Limited
http://www.sierraleonetimes.com/news/278674848/russias-g20-summit-delegation-revealed,2025-11-04,Russias G20 summit delegation revealed,DIP,,RUS,,SF,,,"trump, kremlin, g20 summit, group, development, president, russian, oreshkin, presidential",2025-11-04,Russias G20 summit delegation revealed,Russian President Vladimir Putin has approved the officials to represent Moscow at the upcoming G20 summit in South Africa Read Full Article,2,3.5,Sierra Leone Times,en,MOSCOW | RUSSIA,,"['Engage in diplomatic cooperation, not specified below']",
https://charter97.org/en/news/2025/11/5/661907/,2025-11-04,Sudanese Rebels Shoot Down Russian Il-76 Aircraft - Belarusian News - Charter'97,SEC,,SDN,RUS,SU,,,,2025-11-04,Sudanese Rebels Shoot Down Russian Il-76 Aircraft - Belarusian News - Charter'97,Video Fact.,1,-10.0,,en,SUDANESE,RUSSIAN,['Fight with small arms and light weapons'],
https://www.express.co.uk/news/world/2130147/vladimir-putin-sudan-il-76-plane-rsf-rebels,2025-11-04,Putin humiliated as $100m plane shot down by African rebels | World | News | Express.co.uk,SEC,,SDN,RUS,SU,,,,2025-11-04,Putin humiliated as $100m plane shot down by African rebels | World | News | Express.co.uk,The rebels are said to have used a a Chinese-made FK-2000 air defence system to shoot down the plane.,1,-10.0,Express.co.uk,en,SUDAN,RUSSIAN,"['Use conventional military force, not specified below']",John Varga
https://www.moroccoworldnews.com/2025/11/266374/resolution-2797-russia-seeks-to-appear-consistent-on-western-sahara-amid-algeria-polisario-frustration/,2025-11-03,"Resolution 2797: Russia Seeks to Appear Consistent on Western Sahara Amid Algeria, Polisario Frustration",DIP,,MAR | RUS,RUS | MAR,AG,,,,2025-11-03,"Resolution 2797: Russia Seeks to Appear Consistent on Western Sahara Amid Algeria, Polisario Frustration","Russia is reiterating its position to appear consistent in the Western Sahara dispute.This comes amid frustration from Algeria, Polisario",6,5.333333333,Morocco World News,en-US,RABAT | MOROCCO | RUSSIA,RUSSIA | MOROCCO,"['Make statement, not specified below', 'Sign formal agreement']",Safaa Kasraoui
https://english.pravda.ru/news/world/164715-trump-nigeria/,2025-11-03,Russia Explains Trump’s Threat to Invade Nigeria: It’s All About Oil,DIP,,RUS,RUS | NGA,NI,,,"Donald Trump, Nigeria, Pentagon, invasion, Christians, Boko Haram, Islamic terrorists, oil reserves, U.S. foreign policy, Russia analysis",2025-11-03,Russia Explains Trump’s Threat to Invade Nigeria: It’s All About Oil,"President Donald Trump orders the Pentagon to prepare for a possible invasion of Nigeria, citing Christian persecution, while Russian experts claim U.S. interest",4,-6.0,PravdaReport,en,AL QAEDA | RUSSIAN | TERRORIST ORGANIZATION,RUSSIA | NIGERIA,"['Impose administrative sanctions, not specified below', 'Threaten conventional attack']",Pavel Morozov
https://en.apa.az/africa/south-africa-not-yet-confirmed-meeting-between-russian-and-us-leaders-at-g20-summit-482623,2025-11-03,South Africa not yet confirmed meeting between Russian and US leaders at G20 summit,DIP,,AFR | RUS,RUS | AFR,SF,,,"Apa az, apa.az, apa news, apa.az news, xeber az, all news, news Baku, latest news, apaaz news, lent az news, most read news, vesti.az news, today`s news, news today, African countries news, news from African countries, latest news from African countries, starvation news in African countries, Egypt news, Libya news, Algerian news, Moroccan news, Madagascar island, South Africa News, RSA news, Nelson Mandella, Central African Republic news, CAR news, Cairo News, Casablanca news, Nile river, Sahara, Sahara desert, Victoria falls, jungle, tribe news",2025-11-03,South Africa not yet confirmed meeting between Russian and US leaders at G20 summit,"South Africa, as the current chair of the Group of Twenty (G20), cannot officially confirm a meeting between Russian and US leaders at the G20 summit in Johannesburg later in November, said South African presidential spokesman Vincent Magwenya, responding to a question about a corresponding proposal from Finnish President Alexander, APA reports",2,4.0,Apa.az,en,AFRICA | RUSSIA,RUSSIA | AFRICA,['Express intent to meet or negotiate'],
https://timesofindia.indiatimes.com/world/rest-of-world/the-week-that-was-trump-xis-first-meet-in-6-years-russias-burevestnik-missile-and-more/articleshow/125052473.cms,2025-11-03,"The week that was: Trump-Xi's first meet in 6 years, Russia’s Burevestnik missile, and more - The Times of India",SEC,,,RUS,MO,,,"trump,sahara,russia,zelenskyy,trumps,russias burevestnik,putin,polisario front,polisario",2025-11-03,"The week that was: Trump-Xi's first meet in 6 years, Russia’s Burevestnik missile, and more - The Times of India","Rest of World News: Global leaders convened as Trump and Xi met to ease US-China trade tensions, while Russia claimed a nuclear missile test. India and the US solidified",1,1.0,The Times of India,en,,RUSSIA,"['Consult, not specified below']",
https://portnet.gr/crew-onboard-detained-tanker-in-suez-remains-unpaid-for-months/,2025-11-03,Crew onboard detained tanker in Suez remains unpaid for months - Portnet - Ειδήσεις Πειραιά,SEC,,EGY,RUS,EG,,,,2025-11-03,Crew onboard detained tanker in Suez remains unpaid for months - Portnet - Ειδήσεις Πειραιά,"Egyptian authorities have seized the Russian crude oil tanker Dignity for failing to pay the required Suez Canal transit fee, according to a crew member’s appeal to the Seafarers’ Union of Russia (SUR). The vessel is currently anchored at the Port of Suez. Crew members have reported critical shortages of fuel and lubricants, raising concerns",1,3.0,Portnet - Ειδήσεις Πειραιά -,el,EGYPTIAN,RUSSIA,"['Appeal, not specified below']",Portnet
https://www.tanzanianewsreports.com/ethiopias-quest-for-sea-access-need-to-be-resolved-through-mutual-agreements-russias-ambassador/,2025-11-02,Ethiopia’s Quest for Sea Access Need to be Resolved Through Mutual Agreements: Russia’s Ambassador – Tanzania News Reports,DIP,,RUS,RUS,ET,,,,2025-11-02,Ethiopia’s Quest for Sea Access Need to be Resolved Through Mutual Agreements: Russia’s Ambassador – Tanzania News Reports,,2,1.0,,en-US,PRIME MINISTER | RUSSIA,RUSSIA | PRIME MINISTER,"['Consult, not specified below']",
https://www.dailymail.co.uk/news/article-15247429/Kenyan-tricked-fighting-Putin-escaped-meatgrinder-hiding-corpse-DAVID-PATRIKARAKOS-investigates-impoverished-Africans-lured-Russia.html,2025-11-01,The Kenyan corner shop owner tricked into fighting for Putin - who escaped the meatgrinder by hiding under a corpse... DAVID PATRIKARAKOS investigates the impoverished Africans being lured to Russia as cannon fodder | Daily Mail Online,SEC,,KEN | RUS,RUS | KEN | UKR,KE,,,"dailymail,news,Ukraine,Russia",2025-11-01,The Kenyan corner shop owner tricked into fighting for Putin - who escaped the meatgrinder by hiding under a corpse... DAVID PATRIKARAKOS investigates the impoverished Africans being lured to Russia as cannon fodder | Daily Mail Online,One man tells his story of how he managed to survive being frontline in a Russia-Ukraine war zone after suffering a grueling 15 days scavenging food and water from died soldiers.,5,-2.98,Mail Online,,KENYA | RUSSIAN | RUSSIA,RUSSIA | RUSSIAN | KENYA | UKRAINE,"['Make optimistic comment', 'Make a visit', 'Host a visit', 'Use conventional military force, not specified below']",David Patrikarakos
https://www.newsghana.com.gh/bagbin-joins-global-parliamentary-task-force-on-ukraine-war/,2025-11-01,Bagbin Joins Global Parliamentary Task Force on Ukraine War | News Ghana,DIP,,RUS,,GH,,,,2025-11-01,Bagbin Joins Global Parliamentary Task Force on Ukraine War | News Ghana,"Speaker of Parliament Alban Sumana Kingsford Bagbin has been appointed to the Inter-Parliamentary Union's Task Force working toward a peaceful resolution of the Russia-Ukraine conflict, Parliament announced Thursday. The appointment places Ghana's parliamentary leader among eight distinguished lawmakers from across the globe tasked with facilitating dialogue between Ukrainian and Russian…",1,0.4,,en-US,RUSSIA,,['Make optimistic comment'],
https://en.apa.az/cis-countries/putin-grants-irada-zeynalova-rank-of-ambassador-extraordinary-and-plenipotentiary-482483,2025-11-01,Putin grants Irada Zeynalova rank of Ambassador Extraordinary and Plenipotentiary,DIP,,RUS,RUS,MP,,,"Apa az, apa.az, apa news, apa.az news, xeber az, all news, news Baku, latest news, apaaz news, lent az news, most read news, vesti.az news, today`s news, news today, news today, CIS news, news from CIS countries, latest news from CIS countries, Russia news, news from Russia, Vladimir Putin, Moscow news, Belarus news, Armenia news , Kazakhstan news, Uzbekistan news, Tajikistan news, Kyrgyz news, Turkmenistan news, news from Central Asian republics, CIS heads of state, CIS Summit, criminal news from CIS countries, CIS observation mission, CSTO news, Eurasian Economic Union news, Azerbaijan news , latest news, Azerbaijan news, news today, news Azerbaijan",2025-11-01,Putin grants Irada Zeynalova rank of Ambassador Extraordinary and Plenipotentiary,"Russian Ambassador to Mauritius, Azerbaijani-born Irada Zeynalova, has been granted the diplomatic rank of Ambassador Extraordinary and Plenipotentiary, APA&#39;s Moscow bureau reports",1,-5.0,Apa.az,en,RUSSIAN,VLADIMIR PUTIN,"['Demand, not specified below']",
https://tynmagazine.com/the-climate-consequences-of-the-us-russia-global-realignment/,2025-11-01,The climate consequences of the US-Russia global realignment - TyN Magazine,DIP,,,RUS,EG,,,,2025-11-01,The climate consequences of the US-Russia global realignment - TyN Magazine,"In February, Donald Trump triggered a global geopolitical realignment by resuming direct relations with Vladimir Putin’s Kremlin, agreeing by phone to “work together, very closely,” according to the US president (Collins and Liptak 2025). Up to that point, the United States had worked with its European allies to isolate, sanction, and defeat Russia in response […]",1,-2.0,TyN Magazine,es,PRODUCER,RUSSIAN,"['Accuse, not specified below']",
https://www.newsday.co.zw/local-news/article/200047873/govt-urged-to-tighten-screws-on-human-trafficking,2025-10-31,Govt urged to tighten screws on human trafficking -Newsday Zimbabwe,DIP,,AFR | RUS,RUS | AFR | ZAF,SF,,,Special Economic Zone;teenagers,2025-10-31,Govt urged to tighten screws on human trafficking -Newsday Zimbabwe,OVERNMENT has been urged to take a cue from other African countries scrambling to stop the exploitation of young African women and teenagers recruited to Russia’s Alabuga Special Economic Zone,8,-1.5,NewsDay,en,AFRICA | RUSSIAN | RUSSIA,RUSSIA | AFRICA | RUSSIAN | PRETORIA,"['Appeal, not specified below', 'Investigate, not specified below', 'Make statement, not specified below', 'Reject, not specified below']",Staff Reporter
https://yen.com.gh/politics/293769-ghanas-speaker-parliament-bagbin-appointed-global-taskforce-mediate-ukraine-russia-crisis/,2025-10-31,Alban Bagbin Appointed to IPU Taskforce to Mediate the Ukraine-Russia Crisis - YEN.COM.GH,DIP,,RUS | UKR,RUS | UKR,GH,,,,2025-10-31,Alban Bagbin Appointed to IPU Taskforce to Mediate the Ukraine-Russia Crisis - YEN.COM.GH,"Ghana's Speaker of Parliament, Alban Bagbin, has been appointed to a global IPU Taskforce to help mediate peace in the ongoing Russia-Ukraine war.",3,0.0,Yen.com.gh - Ghana news.,en,LAWMAKER | RUSSIAN | UKRAINE,RUSSIA | UKRAINIAN,"['Mediate', 'Use conventional military force, not specified below']",Salifu Bagulube Moro
https://www.myjoyonline.com/ghana-is-leading-in-youth-empowerment-efforts-edem-agbana-touts-at-international-brics-forum/,2025-10-31,Ghana is leading in youth empowerment efforts – Edem Agbana touts at International BRICS Forum - MyJoyOnline,DIP,,RUS,,GH,,,,2025-10-31,Ghana is leading in youth empowerment efforts – Edem Agbana touts at International BRICS Forum - MyJoyOnline,"Member of Parliament for Ketu North, Eric Edem Agbana, has touted Ghana’s commitment to youth empowerment and inclusion during his address at the International Municipal BRICS Forum in Russia.",1,0.0,MyJoyOnline,en-US,RUSSIA,,"['Make statement, not specified below']",
https://www.lbcgroup.tv/news/world-news/887598/ukraine-says-eu-should-hike-tariffs-on-russian-goods/en,2025-10-31,Ukraine says EU should hike tariffs on Russian goods - Lebanon News,DIP,,EUR,RUS,SU,,,"news , lbci , أخبار",2025-10-31,Ukraine says EU should hike tariffs on Russian goods - Lebanon News,| Lebanon News,1,-4.0,LBCIV7,en,THE EU,RUSSIA,"['Reject, not specified below']",
https://defenceweb.co.za/land/land-land/ugandan-military-benefits-from-russian-equipment-largesse/,2025-10-30,Ugandan military benefits from Russian equipment largesse - defenceWeb,SEC,,RUS,,UG,,,,2025-10-30,Ugandan military benefits from Russian equipment largesse - defenceWeb,The Uganda Peoples’ Defence Force (UPDF) is $53 million better off in defence and engineering equipment compliments of a Russian Federation donation.,1,7.0,defenceWeb,en-ZA,RUSSIAN FEDERATION,,"['Provide aid, not specified below']",
https://www.freshplaza.com/north-america/article/9780289/russia-sees-rising-fruit-and-vegetable-imports-from-egypt-and-china/,2025-10-30,Russia sees rising fruit and vegetable imports from Egypt and China,ECON,,RUS,EGY,EG,,,"fruit,vegetable,banana,mango,apple,pear,orange,lemon,lime,tangerine,grapefruit,kiwi,kiwifruit,produce,pineapple,grape,potato,nut,job offers,pricewatch",2025-10-30,Russia sees rising fruit and vegetable imports from Egypt and China,Russia sees rising fruit and vegetable imports from Egypt and China,1,6.4,,en,OMSK,EGYPT,['Cooperate economically'],
https://www.dw.com/en/how-russia-is-trying-to-attract-african-students/a-74489443,2025-10-29,How Russia is trying to attract African students  – DW – 10/29/2025,DIP,,RUS,AFR,CT | SF,,,,2025-10-29,How Russia is trying to attract African students  – DW – 10/29/2025,"As Russia deepens ties with African nations seeking to distance themselves from Western influence, academic diplomacy is emerging as a key tool in Moscow's foreign policy.",2,0.0,dw.com,en,RUSSIAN | RUSSIA,AFRICA,"['Make statement, not specified below']",
https://www.kyivpost.com/post/63062,2025-10-28,‘Unscrupulous Methods’ – Kenyans ‘Lured’ to Fight for Russia in Ukraine,SEC,,KEN | RUS,RUS,KE,,,,2025-10-28,‘Unscrupulous Methods’ – Kenyans ‘Lured’ to Fight for Russia in Ukraine,"“Corrupt and ruthless agents” continue to conscript Kenyans to fight for Moscow in Ukraine, Nairobi’s foreign ministry complains.",6,0.2666666667,Kyiv Post,,POLICE | NAIROBI | RUSSIA,RUSSIA | RUSSIAN,"['Make a visit', 'Make statement, not specified below', 'Arrest, detain, or charge with legal action', 'Host a visit']",John Moretti
https://sofrep.com/news/sofrep-daily-2025-oct-27-pm/,2025-10-28,"Evening Brief: Trump Arrives in Japan, Israel Rejects Turkish Role in Gaza, North Korean Foreign Minister Meets Putin | SOFREP",DIP,,RUS,RUS | PRK,SU,,,,2025-10-28,"Evening Brief: Trump Arrives in Japan, Israel Rejects Turkish Role in Gaza, North Korean Foreign Minister Meets Putin | SOFREP",Trump eyes trade truce in Asia as global flashpoints flare from Gaza to Sudan. Here’s what’s making headlines this Monday evening.,3,2.7,SOFREP,en-US,KURSK | RUSSIA,RUSSIA | NORTH KOREAN | KURSK,"['Host a visit', 'Praise or endorse', 'Make a visit']",Guy D. McCardle
https://www.moroccoworldnews.com/2025/10/265516/the-rabat-moscow-nexus-interests-above-ideology-in-the-new-world-order/,2025-10-28,The Rabat-Moscow Nexus: Interests Above Ideology in the New World Order,DIP,,RUS,MAR,MO,,,,2025-10-28,The Rabat-Moscow Nexus: Interests Above Ideology in the New World Order,Russia's recent tentative diplomatic shift to support Morocco's position on the Moroccan Sahara is a strategic move that aligns with its broader goal of expanding influence in Africa.,2,-1.0,Morocco World News,en-US,MOSCOW | RUSSIA,MOROCCO | MILITARY,"['Acknowledge or claim responsibility', 'Disapprove, not specified below']",Hicham Ismaili
https://www.upstreamonline.com/energy-security/suez-canal-blocked-after-sanctioned-tanker-carrying-russian-oil-grounded-in-key-waterway/2-1-1892448,2025-10-28,Suez Canal blocked after sanctioned tanker carrying Russian oil grounded in key waterway | Upstream,ECON,,CHN,RUS,DJ,,,,2025-10-28,Suez Canal blocked after sanctioned tanker carrying Russian oil grounded in key waterway | Upstream,Twenty ships still held back after incident,1,1.9,upstreamonline.com,en,CHINA,MURMANSK,['Make a visit'],
https://tass.com/world/2036409,2025-10-28,"Ethiopia asks Russia, EU, US, China to mediate settlement of its dispute with Eritrea -  World - TASS",DIP,,ETH,RUS,ET,,,,2025-10-28,"Ethiopia asks Russia, EU, US, China to mediate settlement of its dispute with Eritrea -  World - TASS","Prime Minister Abiy Ahmed emphasized that Ethiopia ""has no desire"" to go to war with Eritrea and expressed confidence that the dispute can be settled peacefully",1,3.0,TASS,,ETHIOPIA,RUSSIA,"['Appeal, not specified below']",
https://www.cnbcafrica.com/media/7761651251861/investors-assess-russia-sanctions-as-opec-eyes-output-increase,2025-10-28,Investors assess Russia sanctions as OPEC+ eyes output increase - CNBC Africa,ECON,,,RUS,NI,,,"Power Lunch, Africa, PLWA, Nigeria, West Africa, Executive, Reuters, naira, OPEC+, Organization of the Petroleum Exporting Countries, Shoreline Group, Kola Karim, Dangote refinery",2025-10-28,Investors assess Russia sanctions as OPEC+ eyes output increase - CNBC Africa,"As oil prices continue their third day or declines, investors are weighing the effect of U.S sanctions on 2 of Russia's biggest oil companies. Meanwhile the Organization of the Petroleum Exporting Countries and allies will meet on Sunday with the possibility of another modest increase in oil output for December. U.S. President Donald Trump and his Chinese counterpart Xi Jinping are also due to meet on Thursday with the market expecting sentiments that will ease jitters around a trade war.",1,0.0,CNBC Africa,en,INVESTOR,RUSSIA,"['Make statement, not specified below']",
https://www.the-star.co.ke/news/2025-10-27-kenya-moves-to-free-citizens-caught-in-russia-ukraine-war,2025-10-27,Mudavadi: We've engaged Moscow to secure release of Kenyans trapped in Russia-Ukraine war,DIP,,KEN | RUS,RUS | KEN,KE,,,"russia,kenya,ukraine,war,reports,star news,the star newspaper,star news Kenya,the star",2025-10-27,Mudavadi: We've engaged Moscow to secure release of Kenyans trapped in Russia-Ukraine war,"To curb further exploitation, Kenya has directed immigration and security agencies to tighten vigilance at border points",4,4.675,The Star,en,KENYA | RUSSIA | MOSCOW,RUSSIA | KENYA | KENYAN,"['Make a visit', 'Return, release, not specified below', 'Host a visit']",
https://citizen.digital/article/kenya-engages-russia-to-free-citizens-trapped-in-military-operations-n372026,2025-10-27,Kenya engages Russia to free citizens trapped in military operations,DIP,,KEN | RUS,RUS | KEN,KE,,,"Citizen Digital, Citizen News",2025-10-27,Kenya engages Russia to free citizens trapped in military operations,The latest development comes amid growing concern about Kenyans being duped into joining the Russia-Ukraine conflict under false pretences.,4,-3.0,Citizen Digital,en-KE,KENYAN | RUSSIA | MOSCOW,RUSSIA | KENYA | NAIROBI,"['Demand, not specified below', 'Appeal, not specified below']",
https://www.moroccoworldnews.com/2025/10/265395/russian-academic-frames-western-sahara-as-core-to-moroccan-foreign-policy-identity/,2025-10-27,Russian Academic Frames Western Sahara as Core to Moroccan Foreign Policy Identity,INFO,,RUS,MAR,MO,,,,2025-10-27,Russian Academic Frames Western Sahara as Core to Moroccan Foreign Policy Identity,"A new Russian academic study positions Western Sahara as the cornerstone and compass of Morocco's foreign policy identity, arguing that the North African country’s defense of its territorial integrity is central to its national identity formation and diplomatic strategy.",2,0.0,Morocco World News,en-US,RUSSIA,WESTERN SAHARA,"['Consider policy option', 'Make statement, not specified below']",Adil Faouzi
https://tass.com/economy/2035641,2025-10-27,Russia hands over $53 million worth of military equipment to Uganda -  Business & Economy - TASS,SEC,,RUS,,UG,,,,2025-10-27,Russia hands over $53 million worth of military equipment to Uganda -  Business & Economy - TASS,Ugandan President Yoweri Museveni thanked Russian President Vladimir Putin for the military suppor,1,7.4,TASS,,RUSSIA,MILITARY,['Provide economic aid'],
https://www.eyeradio.org/uganda-receives-53m-in-russian-military-aid-opens-new-repair-base/,2025-10-27,"Uganda receives $53M in Russian military aid, opens new repair base - Eye Radio",SEC,,UGA,RUS,UG,,,,2025-10-27,"Uganda receives $53M in Russian military aid, opens new repair base - Eye Radio","JUBA, South Sudan (Eye Radio) – Uganda has expanded its defense partnership with Russia, receiving $53 million worth of new military equipment from Moscow this week, according to a media report in Uganda. The news comes as President Yoweri Kaguta Museveni officially opened a new Military Mechanised Major Repair Facility at Gaddafi Military Barracks in […]",1,3.4,Eye Radio,en-US,UGANDA,VLADIMIR PUTIN,['Praise or endorse'],Koang Chang
https://www.arabnews.com/node/2620342,2025-10-26,Realpolitik dictates Russia’s changing role in Arab world | Arab News,DIP,,EGY | RUS,RUS | EGY,SU,,,,2025-10-26,Realpolitik dictates Russia’s changing role in Arab world | Arab News,"Vladimir Putin last week rolled out the red carpet for Syria’s interim President Ahmad Al-Sharaa. For years, Al-Sharaa had fought to overthrow the Russian-backed Bashar Assad. Now, Putin has welcomed with open arms the man who toppled his closest regional ally, while Assad remains in hiding somewhere in the Russian capital, granted asylum after fleeing Syria last December.",2,8.0,Arab News,en,SUEZ CANAL | RUSSIAN,RUSSIAN | SUEZ CANAL,['Sign formal agreement'],
https://www.moroccoworldnews.com/2025/10/265190/morocco-arrests-russian-national-at-casablanca-airport-on-international-warrant/,2025-10-25,Morocco Arrests Russian National at Casablanca Airport,SEC,,MAR | RUS,RUS,MO,,,,2025-10-25,Morocco Arrests Russian National at Casablanca Airport,Moroccan police arrested a Russian citizen at Casablanca’s Mohammed V International Airport today.,5,-5.0,Morocco World News,en-US,MOROCCAN | RABAT | MOROCCO | RUSSIA,RUSSIA | RUSSIAN | INTERPOL,"['Arrest, detain, or charge with legal action']",Issam Toutate
https://www.hellenicshippingnews.com/middle-east-crude-murban-dubai-rally-for-a-secon-session-on-russian-oil-sanctions/,2025-10-25,"Middle East Crude-Murban, Dubai rally for a secon session on Russian oil sanctions | Hellenic Shipping News Worldwide",ECON,,ARE,RUS,WA,,,,2025-10-25,"Middle East Crude-Murban, Dubai rally for a secon session on Russian oil sanctions | Hellenic Shipping News Worldwide",,2,-8.0,,en-US,UNITED ARAB EMIRATES | DUBAI,RUSSIAN,"['Impose embargo, boycott, or sanctions']",
https://www.globalsecurity.org/wmd/library/news/ukraine/2025/10/ukraine-251023-lithuania-pres01.htm,2025-10-24,The President: We must decide as soon as possible on the use of frozen Russian assets for the reconstruction of Ukraine,DIP,,RUS,RUS | UKR,EG,,,"WMD,library,news,ukraine,2025,October",2025-10-24,The President: We must decide as soon as possible on the use of frozen Russian assets for the reconstruction of Ukraine,,4,4.1,,,PRESIDENT | RUSSIA,RUSSIA | UKRAINIAN,"['Appeal, not specified below']",John Pike
https://dailycaller.com/2025/10/24/viktor-orban-donald-trump-russia-oil-gas-sanctions-hungary/,2025-10-24,"Hungarian Prime Minister Viktor Orbán Fights Back Against Trump’s Tariffs | 
		The Daily Caller",DIP,,HUN,RUS,ER,,,,2025-10-24,"Hungarian Prime Minister Viktor Orbán Fights Back Against Trump’s Tariffs | 
		The Daily Caller","The Hungarian Minister told listeners Budapest was crafting a way to “circumvent” American sanctions on Russian oil and gas companies, Politico reports.",2,-8.0,,en-US,BUDAPEST | HUNGARY,RUSSIAN | RUSSIA,"['Impose embargo, boycott, or sanctions']",
https://www.lrt.lt/en/news-in-english/19/2723260/new-us-sanctions-on-russia-are-a-game-changer-lithuanian-president,2025-10-23,New US sanctions on Russia are a ‘game changer’ – Lithuanian president - LRT,SEC,,RUS,RUS | BEL,EG,,,,2025-10-23,New US sanctions on Russia are a ‘game changer’ – Lithuanian president - LRT,"Lithuanian President Gitanas Nausėda on Thursday called the new US sanctions against Russia a “game changer”, saying the...",3,-5.333333333,lrt.lt,en,PRESIDENT | VLADIMIR PUTIN | RUSSIA,RUSSIA | BRUSSELS,"['Impose embargo, boycott, or sanctions', 'Make statement, not specified below']",
https://www.euractiv.com/news/rapporteur-exclusive-eu-plots-e1-billion-revamp-of-council-hq/,2025-10-23,Exclusive: EU plots €1 billion revamp of Council HQ | Euractiv,SEC,,,RUS,EG,,,,2025-10-23,Exclusive: EU plots €1 billion revamp of Council HQ | Euractiv,"In today’s edition: both the EU and US are poised to impose new sanctions on Russia, MEPs send the simplification drive into uncharted waters, and Giorgia Meloni prepares to unveil a migration plan at a leaders’ breakfast",2,-8.0,Euractiv,en-GB,,RUSSIA,"['Impose embargo, boycott, or sanctions']",Euractiv
https://thefrontierpost.com/for-russian-asylum-seekers-us-is-not-land-of-free/,2025-10-23,"For Russian asylum seekers, US is not land of free – The Frontier Post",DIP,,RUS,RUS,EG,,,,2025-10-23,"For Russian asylum seekers, US is not land of free – The Frontier Post","Leonid Melekhin, a political activist from Perm, Russia, applied for asylum in the United States in August 2024. In December, his application was rejected due to a lack of “well-founded fear…",2,2.35,,en-US,RUSSIA,RUSSIA,"['Make a visit', 'Host a visit']",
https://timesofoman.com/article/164211-tv-brics-a-voice-for-south-and-multilateral-information-exchange-platform-for-its-partners,2025-10-23,"TV BRICS- a voice for South, and multilateral information exchange platform for its partners - Times of Oman",INFO,,RUS,,SF,,,,2025-10-23,"TV BRICS- a voice for South, and multilateral information exchange platform for its partners - Times of Oman",The participants agreed to counter the Western narratives with a unified effort,1,4.0,Times of Oman,en,RUSSIA,MEDIA,['Express intent to meet or negotiate'],Bitwize - http://bitwize.com.lb
https://www.channelstv.com/2025/10/30/india-ioc-dumps-russia-imports-two-million-barrels-from-nigeria-angola/,2025-10-23,"India IOC Dumps Russia, Imports Two Million Barrels From Nigeria, Angola • Channels Television",ECON,,,RUS,NI,,,,2025-10-23,"India IOC Dumps Russia, Imports Two Million Barrels From Nigeria, Angola • Channels Television","Nigeria's Oil Export Booms As IOC Dumps Russia, Imports Two Million Barrels",1,-8.0,Channels Television,en,PRODUCER,MOSCOW,"['Impose embargo, boycott, or sanctions']",Opeoluwani Akintayo
https://ecfr.eu/publication/the-bear-and-the-bot-farm-countering-russian-hybrid-warfare-in-africa/,2025-10-22,The bear and the bot farm: Countering Russian hybrid warfare in Africa | ECFR,INFO,,BFA | GIN | RUS | TGO,RUS | BFA | NER | TGO | GIN,GV | SU | NG | UG | UV | MO | TO,,,,2025-10-22,The bear and the bot farm: Countering Russian hybrid warfare in Africa | ECFR,"Russia has many quiet enemies in Africa. Working together, like-minded Africans and Europeans can roll back its troublesome influence.",23,3.273913043,European Council on Foreign Relations,en-GB,BURKINA FASO | CONAKRY | REGIME | RUSSIA | RUSSIAN,RUSSIA | MOSCOW | BURKINA FASO | OUAGADOUGOU | JUNTA,"['Engage in diplomatic cooperation, not specified below', 'Host a visit', 'Provide military aid', 'Express intent to provide diplomatic cooperation such as policy support', 'Praise or endorse', 'Reduce or break diplomatic relations', 'Engage in material cooperation, not specified below', 'Investigate, not specified below', 'De-escalate military engagement', 'Mobilize or increase armed forces', 'Provide economic aid', 'Sign formal agreement', 'Make a visit']",Will Brown
https://www.aps.dz:443/en/economy/industry-energy-mining/mh24mbe0-yahia-bachir-russian-industry-leaders-discuss-partnership-prospects,2025-10-22,"Yahia Bachir, Russian industry leaders discuss partnership prospects | Algérie Presse Service",ECON,,DZA | RUS,RUS | DZA,AG,,,,2025-10-22,"Yahia Bachir, Russian industry leaders discuss partnership prospects | Algérie Presse Service","<p>ALGIERS - Minister of Industry Yahia Bachir held discussions with a high-level delegation from Business Russia association the prospects for partnership and economic and industrial cooperation between Algeria and Russia, to implement joint investment projects in strategic industrial sectors, the ministry said in a statement on Wednesday.</p>",6,4.4,,en,ALGERIA | ALGIERS | RUSSIAN | RUSSIA,RUSSIA | ALGIERS,"['Express intent to cooperate economically', 'Engage in negotiation', 'Consult, not specified below']",
https://www.channelstv.com/2025/10/29/nigerias-revenue-threatened-as-oil-dips-on-russian-sanctions-worries-opec-output-hike/,2025-10-22,"Nigeria's Revenue Threatened As Oil Dips On Russian Sanctions Worries, OPEC+ Output Hike • Channels Television",ECON,,UKR,RUS,NI,,,,2025-10-22,"Nigeria's Revenue Threatened As Oil Dips On Russian Sanctions Worries, OPEC+ Output Hike • Channels Television","Global Revenues Threatened As Oil Dips On Russian Sanctions Worries, OPEC+ Output Hike",2,-8.0,Channels Television,en,PRESIDENT | UKRAINE,RUSSIA,"['Impose embargo, boycott, or sanctions']",Opeoluwani Akintayo
https://www.centralchronicle.com/russian-president-vladimir-putin-to-skip-g-20-summit-in-johannesburg-amid-icc-arrest-warrant/,2025-10-22,Russian President Vladimir Putin to skip G-20 summit in Johannesburg amid ICC arrest warrant | Central India's Premier English Daily,DIP,,AFR | RUS,RUS | AFR,SF,,,,2025-10-22,Russian President Vladimir Putin to skip G-20 summit in Johannesburg amid ICC arrest warrant | Central India's Premier English Daily,"Moscow, Oct 22 (UNI) Russian President Vladimir Putin will not be attending the upcoming G-20 session in South Africa in November this year, announced Kremlin's spokesperson Dmitry Peskov, reports state media. The bloc – which comprises 20 of the world's largest economic powers – makes up 85% of the world's total GDP, 75% of international",2,2.35,Central Chronicle - Central India's Premier English Daily,en-US,AFRICA | VLADIMIR PUTIN,VLADIMIR PUTIN | AFRICA,"['Host a visit', 'Make a visit']",.
https://tass.com/politics/2033393,2025-10-22,Putin will not attend G20 summit personally — Kremlin spokesman -  Russian Politics & Diplomacy - TASS,DIP,,RUS,AFR,SF,,,,2025-10-22,Putin will not attend G20 summit personally — Kremlin spokesman -  Russian Politics & Diplomacy - TASS,"According to Dmitry Peskov, Russia will be represented at a worthy level",2,-5.0,TASS,,RUSSIAN,AFRICA,"['Reject proposal to meet, discuss, or negotiate']",
https://defenceweb.co.za/industry/industry-industry/da-calls-for-arms-trade-transparency-after-sa-tech-found-in-russian-attack-drones/,2025-10-22,DA calls for arms trade transparency after SA tech found in Russian attack drones - defenceWeb,SEC,,RUS,RUS,SF,,,,2025-10-22,DA calls for arms trade transparency after SA tech found in Russian attack drones - defenceWeb,Reports that South African manufactured laser range-finding equipment has been found in Russian attack drones used in the war against Ukraine has prompted the,2,-3.5,defenceWeb,en-ZA,MILITARY | RUSSIAN,RUSSIAN,"['Use conventional military force, not specified below', 'Appeal, not specified below']",
https://www.globalsecurity.org/military/library/news/2025/10/mil-251016-morocco-mfa02.htm,2025-10-21,"The Minister of Foreign Affairs, African Cooperation, and Moroccan Expatriates, Mr. Nasser Bourita, held talks on Thursday in Moscow with his Russian counterpart, Sergey Lavrov.",DIP,,EGY | MAR | RUS,RUS | EGY | MAR,MO,,,"military,library,news,2025,October",2025-10-21,"The Minister of Foreign Affairs, African Cooperation, and Moroccan Expatriates, Mr. Nasser Bourita, held talks on Thursday in Moscow with his Russian counterpart, Sergey Lavrov.",,17,4.552941176,,,NASSER | SOVEREIGN | MOROCCAN | MOROCCO | RUSSIA,RUSSIA | RUSSIAN | MOSCOW | VLADIMIR PUTIN | NASSER,"['Engage in negotiation', 'Make a visit', 'Meet at a ÒhirdÓlocation', 'Host a visit', 'Halt negotiations']",John Pike
https://tass.com/politics/2033063,2025-10-21,Russia ready to respect Ethiopia’s interests in military-technical cooperation — Lavrov -  Russian Politics & Diplomacy - TASS,SEC,,ETH | RUS,RUS | ETH,ET,,,,2025-10-21,Russia ready to respect Ethiopia’s interests in military-technical cooperation — Lavrov -  Russian Politics & Diplomacy - TASS,"According to the foreign minister, Russia and Ethiopia have good prospects and traditions of cooperation in such areas as public health, culture, and education",6,3.75,TASS,,ETHIOPIA | RUSSIA | RUSSIAN,RUSSIA | ETHIOPIA,"['Engage in diplomatic cooperation, not specified below', 'Yield, not specified below']",
https://leftfootforward.org/2025/10/labour-minister-slams-nigel-farage-for-spouting-kremlin-talking-points-in-commons-takedown/,2025-10-21,Labour minister slams Nigel Farage for spouting 'Kremlin talking points' in Commons takedown - Left Foot Forward: Leading the UK's progressive debate,INFO,,RUS,MUS,MP,,,,2025-10-21,Labour minister slams Nigel Farage for spouting 'Kremlin talking points' in Commons takedown - Left Foot Forward: Leading the UK's progressive debate,I’m surprised that the honourable gentleman has the gall to come here and talk about national security...',4,2.6,Left Foot Forward: Leading the UK's progressive debate,en-GB,RUSSIA,MAURITIUS,"['Make statement, not specified below', 'Praise or endorse', 'Return, release person(s)']",Basit Mahmood
http://www.bgnes.com/no-filter/how-russian-officials-fly-to-europe-under-sanctions,2025-10-21,How Russian officials fly to Europe under sanctions | BGNES,DIP,,RUS,RUS | EUR,EG,,,,2025-10-21,How Russian officials fly to Europe under sanctions | BGNES,Will Putin's plane be allowed to land in Budapest?,4,3.175,"BGNES: Breaking News, Latest News and Videos",bg,RUSSIA | RUSSIAN,RUSSIA | EUROPE,"['Make a visit', 'Host a visit', 'Express intent to meet or negotiate']",
https://icsf.net/newss/morocco-russia-conclude-new-four-year-fisheries-agreement/,2025-10-21,"Morocco, Russia conclude new four-year fisheries agreement - ICSF",ECON,,MAR | RUS,RUS | MAR,MO,,,,2025-10-21,"Morocco, Russia conclude new four-year fisheries agreement - ICSF","Morocco and Russia signed on Friday in Moscow a new cooperation agreement on fisheries, which stands in for the previous agreement, expired on December, 31,",3,-0.6666666667,ICSF,en-US,MOROCCO | RUSSIA | RUSSIAN,RUSSIA | MOROCCO | MOROCCAN,"['Express intent to cooperate, not specified below', 'Assassinate']",
https://www.globalsecurity.org/military/library/news/2025/10/mil-251016-morocco-mfa01.htm,2025-10-21,"Morocco and Russia agree on the fact that international law and principles cannot be interpreted in a way that halts the progress towards a resolution for the Moroccan Sahara issue, said, on Thursday in Moscow, the minister of Foreign Affairs, African Cooperation and Moroccan Expatriates, Mr. Nasser Bourita.",DIP,,MAR | RUS,RUS | MAR,MO,,,"military,library,news,2025,October",2025-10-21,"Morocco and Russia agree on the fact that international law and principles cannot be interpreted in a way that halts the progress towards a resolution for the Moroccan Sahara issue, said, on Thursday in Moscow, the minister of Foreign Affairs, African Cooperation and Moroccan Expatriates, Mr. Nasser Bourita.",,2,4.0,,,MOROCCO | RUSSIA,RUSSIA | MOROCCO,"['Express intent to cooperate, not specified below']",John Pike
https://www.globalsecurity.org/wmd/library/news/russia/2025/10/russia-251014-russia-mfa01.htm,2025-10-21,Press release on the 65th anniversary of diplomatic relations between Russia and Mali,DIP,,RUS,RUS,ML,,,"WMD,library,news,russia,2025,October",2025-10-21,Press release on the 65th anniversary of diplomatic relations between Russia and Mali,,2,2.35,,,INTERIM PRESIDENT | MOSCOW,MOSCOW | INTERIM PRESIDENT,"['Make a visit', 'Host a visit']",John Pike
https://tass.com/politics/2032685,2025-10-21,Russian top diplomat Lavrov to hold talks with Ethiopian counterpart in Moscow -  Russian Politics & Diplomacy - TASS,DIP,,ETH | RUS,RUS | ETH,ET,,,,2025-10-21,Russian top diplomat Lavrov to hold talks with Ethiopian counterpart in Moscow -  Russian Politics & Diplomacy - TASS,"The program of the Ethiopian delegation's visit to Russia provides for the ""time check regarding the entire range of issues on the bilateral agenda,"" Russian Ambassador to Ethiopia Yevgeny Terekhin said",2,7.0,TASS,,ETHIOPIAN | RUSSIAN,RUSSIAN | ETHIOPIAN,['Engage in negotiation'],
http://www.russiaherald.com/news/278648383/russiaethiopia-nuclear-partnership-to-reshape-regional-energy-fm,2025-10-21,RussiaEthiopia nuclear partnership to reshape regional energy  FM,ECON,,RUS,ETH,ET,,,"foreign minister, ababa, timotheos said, first nuclear, ethiopian prime, nuclear, ethiopia, construction, relations",2025-10-21,RussiaEthiopia nuclear partnership to reshape regional energy  FM,"Russian Foreign Minister Sergey Lavrov has held talks with his Ethiopian counterpart, Gedion Timotheos Read Full Article at RT.com",2,7.0,Russia Herald,en,RUSSIAN,ETHIOPIAN,['Engage in negotiation'],
https://tass.com/politics/2033089,2025-10-21,Rosatom to build NPP in Ethiopia based on modern VVER-1200 reactor — Russian ambassador -  Russian Politics & Diplomacy - TASS,ECON,,ETH,RUS,ET,,,,2025-10-21,Rosatom to build NPP in Ethiopia based on modern VVER-1200 reactor — Russian ambassador -  Russian Politics & Diplomacy - TASS,"Evgeniy Terekhin added that cooperation in the field of peaceful nuclear energy could become the ""flagship area of economic and technological partnership"" between Russia and Ethiopia",1,0.0,TASS,,ETHIOPIA,RUSSIAN,"['Make statement, not specified below']",
https://www.globalsecurity.org/wmd/library/news/russia/2025/10/russia-251014-rferl03.htm,2025-10-21,Russia Sidelined In New Middle East After Trump's Israel-Gaza Deal,DIP,,RUS,SYR,EG,,,"WMD,library,news,russia,2025,October",2025-10-21,Russia Sidelined In New Middle East After Trump's Israel-Gaza Deal,,1,0.0,,,RUSSIA,SYRIA,"['Make statement, not specified below']",John Pike
https://www.globalsecurity.org/wmd/library/news/russia/2025/10/russia-251016-russia-mfa01.htm,2025-10-20,"Press release on Foreign Minister Sergey Lavrov's talks with Minister of Foreign Affairs, African Cooperation, and Moroccan Expatriates of the Kingdom of Morocco Nasser Bourita",DIP,,MAR | RUS,RUS | MAR,MO,,,"WMD,library,news,russia,2025,October",2025-10-20,"Press release on Foreign Minister Sergey Lavrov's talks with Minister of Foreign Affairs, African Cooperation, and Moroccan Expatriates of the Kingdom of Morocco Nasser Bourita",,7,4.628571429,,,MINIST OF FOREIGN AFFAIRS | MOROCCO | MOROCCAN | RUSSIA | MOSCOW,SERGEY LAVROV | RUSSIA | MOSCOW | MOROCCO | MOROCCAN,"['Engage in negotiation', 'Make a visit', 'Sign formal agreement', 'Host a visit']",John Pike
https://www.irishmirror.ie/news/irish-news/politics/simon-harris-eu-can-play-36094491,2025-10-20,Simon Harris: EU can play vital role in boosting humanitarian aid for Gaza  - Irish Mirror,DIP,,EUR | ISR | PSE | RUS | UKR,RUS | EUR | UKR,SU,,,"Gaza, Politics, Simon Harris",2025-10-20,Simon Harris: EU can play vital role in boosting humanitarian aid for Gaza  - Irish Mirror,"The Tánaiste will discuss a range of issues at a meeting of EU Foreign Ministers in Luxembourg today, including Russian aggression against Ukraine, the situation in the Middle East, and EU-Indo Pacific relations",6,2.7,Irish Mirror,en,EUROPEAN | ISRAEL | GAZA | RUSSIA | UKRAINE,RUSSIA | EUROPEAN | UKRAINE,"['Make a visit', 'Praise or endorse', 'Host a visit']",Nicola Donnelly
https://www.globalsecurity.org/wmd/library/news/russia/2025/10/russia-251016-russia-mfa03.htm,2025-10-20,"Foreign Minister Sergey Lavrov's remarks at a news conference held jointly with Minister of Foreign Affairs, African Cooperation, and Moroccans Residing Abroad of the Kingdom of Morocco Nasser Bourita, Moscow, October 16, 2025",DIP,,MAR,RUS,MO,,,"WMD,library,news,russia,2025,October",2025-10-20,"Foreign Minister Sergey Lavrov's remarks at a news conference held jointly with Minister of Foreign Affairs, African Cooperation, and Moroccans Residing Abroad of the Kingdom of Morocco Nasser Bourita, Moscow, October 16, 2025",,4,3.7,,,MINIST | MOROCCAN,RUSSIAN,"['Express intent to cooperate, not specified below', 'Praise or endorse']",John Pike
https://www.cnbcafrica.com/2025/mali-suspends-schools-over-fuel-crisis-strikes-deal-with-russia-for-petroleum-products,2025-10-20,"Mali suspends schools over fuel crisis, strikes deal with Russia for petroleum products - CNBC Africa",ECON,,MLI | RUS,RUS | MLI,ML,,,,2025-10-20,"Mali suspends schools over fuel crisis, strikes deal with Russia for petroleum products - CNBC Africa","BAMAKO, Oct 27 (Reuters) – Mali has suspended school and university classes throughout the country for two weeks from Monday due to a fuel shortage, the government said late on Sunday, after al Qaeda-linked insurgents imposed a blockade. Jama’at Nusrat al-Islam wal-Muslimin (JNIM) militants announced a blockade on fuel imports to the landlocked West African country in early September […]",2,2.35,,en,MALI | RUSSIA,RUSSIA | MALI,"['Make a visit', 'Host a visit']",
https://peoplesdailyng.com/russias-soft-power-influence-2/,2025-10-20,Russia’s soft power influence - Peoples Daily Newspaper,INFO,,USA,RUS,UV,,,,2025-10-20,Russia’s soft power influence - Peoples Daily Newspaper,"By Emmanuel Ukaobasi Going back to the days of the cold war, thousands of Africans studied in the Soviet Union and later Russia. They’re now among Russia’s biggest boosters decades later. Those former students, many of whom from West Africa became medical doctors, engineers and business people have become key influencers for Russia as it […]",2,3.5,Peoples Daily Newspaper,en-US,UNITED STATES,RUSSIAN | RUSSIA,"['Engage in diplomatic cooperation, not specified below']",Editor
https://dfwatch.net/russia-receives-first-shipment-of-abkhazian-tangerines-of-the-season-64843/,2025-10-20,Russia gets first shipment of Abkhazia’s tangerine harvest - DFWatch,ECON,,RUS,,MO,,,,2025-10-20,Russia gets first shipment of Abkhazia’s tangerine harvest - DFWatch,"TBILISI, October 20 – Abkhazia has started shipping its new tangerine crop to Russia, marking the opening of this year’s citrus export season…",1,5.0,DFWatch,en-US,RUSSIA,,"['Yield, not specified below']",
https://www.ecofinagency.com/news-agriculture/1910-49663-morocco-russia-sign-new-four-year-atlantic-fisheries-pact,2025-10-20,"Morocco, Russia Sign New Four-Year Atlantic Fisheries Pact - Ecofin Agency",ECON,,MAR,RUS,MO,,,"agreement, russian, russia, fisheries, catch, quotas, moroccan, cooperation",2025-10-20,"Morocco, Russia Sign New Four-Year Atlantic Fisheries Pact - Ecofin Agency","Agreement sets quotas, zones, and ecosystem protection measures
Russia eyes 80,000-ton catch; Morocco earned&nbsp;$1.7B from fish exports",1,8.0,Ecofin Agency,en-gb,MOROCCO,RUSSIA,['Sign formal agreement'],Ecofin Agency
https://tass.com/politics/2032539,2025-10-20,"Ethiopia may host Russia-Africa 2026 summit, Russian Ambassador says -  Russian Politics & Diplomacy - TASS",DIP,,RUS,ETH,ET,,,,2025-10-20,"Ethiopia may host Russia-Africa 2026 summit, Russian Ambassador says -  Russian Politics & Diplomacy - TASS","Ethiopia, where the headquarters of the African Union is located, is rightfully considered the political capital of the continent, Evgeny Teryokhin stressed",1,1.9,TASS,,RUSSIA,ETHIOPIA,['Make a visit'],
https://weeklyblitz.net/2025/10/28/realpolitik-redefined-russias-pragmatic-recalibration-in-the-arab-world/,2025-10-20,Realpolitik redefined: Russia’s pragmatic recalibration in the Arab World - BLiTZ,DIP,,RUS,SYR,EG,,,,2025-10-20,Realpolitik redefined: Russia’s pragmatic recalibration in the Arab World - BLiTZ,"Vladimir Putin’s red-carpet welcome for Syria’s interim President Ahmad Al-Sharaa last week was more than just a diplomatic gesture – it was a stark demonstration of Russia’s new pragmatism in the Middle East. For over a decade, Moscow had been the principal backer of Bashar al-Assad’s brutal regime, providing the Syrian strongman with weapons, money, […]",1,3.4,BLiTZ,en-US,VLADIMIR PUTIN,SYRIA,['Praise or endorse'],Damsana Ranadhiran
http://jewishworldreview.com/1025/savridis101625.php,2025-10-20,"Putin is taking his hybrid warfare to the sea
	
	 - Adm. James Stavridis",SEC,,RUS,,SU,,,,2025-10-20,"Putin is taking his hybrid warfare to the sea
	
	 - Adm. James Stavridis",,1,-2.0,Jewish World Review,,VLADIMIR PUTIN,,"['Disapprove, not specified below']",Jewish World Review
https://www.lemonde.fr/en/france/article/2025/10/20/four-men-charged-in-alleged-plot-to-attack-russian-dissident-in-southern-france_6746584_7.html,2025-10-20,Four men charged in alleged plot to attack a Russian dissident in southern France,SEC,,DZA,RUS,AG,,,,2025-10-20,Four men charged in alleged plot to attack a Russian dissident in southern France,"Vladimir Osechkin leads an NGO specialized in publishing videos that expose abuses, including rape and torture, committed in Russian prisons. Osechkin previously reported an assassination attempt in 2022, and is under police protection.",1,-10.0,Le Monde.fr,en,ALGERIA,RUSSIA,"['Use conventional military force, not specified below']",
https://tass.com/economy/2032557,2025-10-20,Russia ready to send floating power plant to Mauritius — ambassador -  Business & Economy - TASS,ECON,,RUS,MUS,MP,,,,2025-10-20,Russia ready to send floating power plant to Mauritius — ambassador -  Business & Economy - TASS,Irada Zeilanova noted that such a plant will make it possible to provide the island with green energy during the long period of time,1,0.0,TASS,,RUSSIA,MAURITIUS,"['Make statement, not specified below']",
https://www.tbsnews.net/world/moroccos-foreign-minister-meets-russian-counterpart-moscow-boost-strategic-partnership-1264141,2025-10-19,Morocco's foreign minister meets Russian counterpart in Moscow to boost strategic partnership | The Business Standard,DIP,,MAR | RUS,RUS | MAR,MO,,,,2025-10-19,Morocco's foreign minister meets Russian counterpart in Moscow to boost strategic partnership | The Business Standard,"The ministers also discussed regional and international issues of mutual interest, particularly developments in North Africa, the Sahel, and the Middle East, aiming to inject renewed momentum into the strategic partnership",4,1.675,The Business Standard,en,PRESIDENT | MOROCCO | RUSSIA,RUSSIA | RUSSIAN | PRESIDENT | MOROCCO,"['Host a visit', 'Consult, not specified below', 'Make a visit']",
https://medafricatimes.com/42592-morocco-russia-sign-four-year-fisheries-deal.html,2025-10-19,"Morocco, Russia sign four-year fisheries deal – Medafrica Times",ECON,,MAR | RUS,RUS | EGY,MO,,,,2025-10-19,"Morocco, Russia sign four-year fisheries deal – Medafrica Times",,3,4.933333333,,en-US,MOROCCO | RUSSIAN,RUSSIAN | NASSER,"['Praise or endorse', 'Sign formal agreement']",
https://northafricapost.com/91673-new-direct-casablanca-saint-petersburg-flights-to-be-launched-soon.html,2025-10-18,New direct Casablanca-Saint Petersburg flights to be launched soon – The North Africa Post,DIP,,MAR | RUS,RUS | MAR,MO,,,,2025-10-18,New direct Casablanca-Saint Petersburg flights to be launched soon – The North Africa Post,,6,2.0,,en-US,MOROCCO | RUSSIA,RUSSIA | KINGDOM | MOROCCO,"['Express intent to meet or negotiate', 'Accuse, not specified below']",
https://northafricapost.com/91667-sahara-algeria-boycotts-russia-energy-week-amid-growing-tension.html,2025-10-18,Sahara: Algeria boycotts Russia energy week amid growing tension – The North Africa Post,DIP,,MAR | RUS,RUS,AG | MO,,,,2025-10-18,Sahara: Algeria boycotts Russia energy week amid growing tension – The North Africa Post,,5,1.0,,en-US,REPRESENTATIVES | RABAT | MOSCOW | RUSSIA,MOSCOW | RUSSIA | REPRESENTATIVES,"['Consult, not specified below']",
http://www.sierraleonetimes.com/news/278643386/russia-among-top-options-for-sudan-energy-sector-rebuild-minister,2025-10-18,Russia among top options for Sudan energy sector rebuild  minister,ECON,,RUS,SDN,SU,,,"conflict, muatasim, russian energy, ibrahim has, moscow, expertise and, sector, forces, sudanese delegation",2025-10-18,Russia among top options for Sudan energy sector rebuild  minister,Sudan’s energy minister has said Russia is a top choice to help restore the country’s damaged oil and electricity infrastructure Read Full Ar,3,0.0,Sierra Leone Times,en,MOSCOW,SUDAN,"['Make statement, not specified below']",
https://www.pbs.org/newshour/world/putin-expected-to-meet-trump-in-hungary-despite-icc-arrest-warrant-for-russias-president,2025-10-18,Putin expected to meet Trump in Hungary despite ICC arrest warrant for Russia’s president | PBS News,DIP,,RUS,HUN,NG,,,,2025-10-18,Putin expected to meet Trump in Hungary despite ICC arrest warrant for Russia’s president | PBS News,Vladimir Putin is expected to travel to Hungary soon for talks with U.S. President Donald Trump on ending the war in Ukraine — despite the Russian leader facing an International Criminal Court arrest warrant.,1,4.0,PBS News,en-us,RUSSIA,HUNGARY,['Express intent to meet or negotiate'],
https://www.moroccoworldnews.com/2025/10/264027/morocco-russia-sign-new-maritime-fisheries-agreement/,2025-10-17,"Morocco, Russia Sign New Maritime Fisheries Agreement",ECON,,MAR | RUS,RUS | MAR,MO,,,,2025-10-17,"Morocco, Russia Sign New Maritime Fisheries Agreement","Morocco and Russia announced the signing of a new maritime fisheries cooperation agreement, in replacement of the expired one",10,6.24,Morocco World News,en-US,MOROCCO | MOROCCAN | RUSSIA,RUSSIA | RUSSIAN | MOROCCO | MOROCCAN,"['Appeal for diplomatic cooperation, such as policy support', 'Express intent to cooperate, not specified below', 'Sign formal agreement']",Safaa Kasraoui
https://tass.com/economy/2031637,2025-10-17,Russia-Morocco trade turnover rises by around 30% in first half of 2025 -  Business & Economy - TASS,ECON,,MAR | RUS,RUS | MAR,MO,,,,2025-10-17,Russia-Morocco trade turnover rises by around 30% in first half of 2025 -  Business & Economy - TASS,"It was noted that Russia is interested in expanding supplies in the fields of industry, agriculture, transport, energy, and mineral resource development",7,5.428571429,TASS,,DEPUTY PRIME MINISTER | MOROCCAN | RUSSIAN | RUSSIA,RUSSIA | RUSSIAN | MOROCCAN,"['Express intent to cooperate, not specified below', 'Sign formal agreement', 'Consult, not specified below']",
https://www.moroccoworldnews.com/2025/10/264024/morocco-russia-pledge-to-solidify-partnership-as-they-mark-10-years-of-strategic-ties/,2025-10-17,"Morocco, Russia Pledge to Solidify Partnership as They Mark 10 Years of Strategic Ties Morocco, Russia Pledge to Solidify Partnership as They Mark 10 Years of Strategic Ties",DIP,,MAR | RUS,RUS | MAR,MO,,,,2025-10-17,"Morocco, Russia Pledge to Solidify Partnership as They Mark 10 Years of Strategic Ties Morocco, Russia Pledge to Solidify Partnership as They Mark 10 Years of Strategic Ties","Morocco and Russia reaffirmed their strong ties and commitment to boosting cooperation during the 8th session of the Moroccan-Russian Joint Governmental Committee, held on Friday in Moscow.",6,0.2833333333,Morocco World News,en-US,MOROCCO | WESTERN SAHARA | RUSSIA | MOSCOW,RUSSIA | WESTERN SAHARA | MOROCCO,"['Engage in symbolic act', 'Consult, not specified below', 'Engage in diplomatic cooperation, not specified below', 'Praise or endorse', 'Demonstrate military or police power, not specified below']",Sara Zouiten
https://northafricapost.com/91646-morocco-russia-sign-new-fisheries-agreement.html,2025-10-17,"Morocco, Russia conclude new four-year fisheries agreement – The North Africa Post",ECON,,MAR | RUS,RUS | MAR,MO,,,,2025-10-17,"Morocco, Russia conclude new four-year fisheries agreement – The North Africa Post",,3,-0.6666666667,,en-US,MOROCCO | RUSSIA | RUSSIAN,RUSSIA | MOROCCO | MOROCCAN,"['Express intent to cooperate, not specified below', 'Assassinate']",
https://northafricapost.com/91642-russia-lauds-role-of-king-mohammed-vi-chairman-of-al-quds-committee-to-peacefully-resolve-palestinian-issue.html,2025-10-17,"Russia lauds role of King Mohammed VI, Chairman of Al-Quds Committee, to peacefully resolve Palestinian issue – The North Africa Post",DIP,,MAR | RUS,RUS | MAR,MO,,,,2025-10-17,"Russia lauds role of King Mohammed VI, Chairman of Al-Quds Committee, to peacefully resolve Palestinian issue – The North Africa Post",,2,1.0,,en-US,MOROCCO | MOSCOW,MOSCOW | MOROCCO,"['Consult, not specified below']",
https://thehill.com/opinion/international/5558495-russias-shortage-of-workers-is-so-severe-that-it-is-luring-foreigners-into-sweatshops/,2025-10-17,Russia’s shortage of workers is so severe that it is luring foreigners into sweatshops,ECON,,CAF,RUS,CT,,,,2025-10-17,Russia’s shortage of workers is so severe that it is luring foreigners into sweatshops,"Russia is in a desperate labor bind, and it's trying to solve the problem by exploiting workers from the Global South.",2,1.9,The Hill,en-US,BANGUI | CENTRAL AFRICAN REPUBLIC,RUSSIA,['Make a visit'],
https://www.yahoo.com/news/articles/putin-expected-meet-trump-hungary-102134537.html,2025-10-17,Putin is expected to meet Trump in Hungary despite ICC arrest warrant for the Russian president,DIP,,RUS,HUN,NG,,,"Vladimir Putin, Donald Trump, International Criminal Court, Karim Khan, arrest warrant, Hungary, crimes against humanity, war in Ukraine, Benjamin Netanyahu",2025-10-17,Putin is expected to meet Trump in Hungary despite ICC arrest warrant for the Russian president,"Vladimir Putin is expected to travel to Hungary soon for talks with U.S. President Donald Trump on ending the war in Ukraine — despite the Russian leader facing an International Criminal Court arrest warrant.  Putin is wanted by the court on a warrant dating back to March 2023 for alleged involvement in the abduction of children from Ukraine during the conflict triggered by Moscow’s invasion of its neighbor.  The court, headquartered in The Hague, Netherlands, relies on other countries to arrest suspects.",1,4.0,Yahoo News,en-US,RUSSIAN,HUNGARY,['Express intent to meet or negotiate'],
https://www.winnipegfreepress.com/world/2025/10/17/putin-is-expected-to-meet-trump-in-hungary-despite-icc-arrest-warrant-for-the-russian-president,2025-10-17,Putin is expected to meet Trump in Hungary despite ICC arrest warrant for the Russian president – Winnipeg Free Press,DIP,,RUS,HUN,ML,,,,2025-10-17,Putin is expected to meet Trump in Hungary despite ICC arrest warrant for the Russian president – Winnipeg Free Press,"Breaking News, Sports, Manitoba, Canada",1,4.0,Winnipeg Free Press,en-US,RUSSIAN,HUNGARY,['Express intent to meet or negotiate'],
https://www.moroccoworldnews.com/2025/10/263874/bourita-lavrov-meeting-morocco-rallies-to-secure-russias-support-for-autonomy-plan/,2025-10-16,Bourita-Lavrov Meeting: Morocco Rallies to Secure Russia’s Support for Autonomy Plan,DIP,,EGY | MAR | RUS,RUS | MAR | EGY,MO,,,,2025-10-16,Bourita-Lavrov Meeting: Morocco Rallies to Secure Russia’s Support for Autonomy Plan,"At a high-level meeting on Thursday, Morocco and Russia discussed regional issues, including the dispute over Western Sahara.",14,2.528571429,Morocco World News,en-US,NASSER | MOROCCO | RABAT | RUSSIA | RUSSIAN,RUSSIAN | RUSSIA | MOSCOW | MOROCCO | RABAT,"['Consult, not specified below', 'Engage in negotiation', 'Praise or endorse', 'Reject, not specified below']",Safaa Kasraoui
https://www.moroccoworldnews.com/2025/10/263934/russian-fm-commends-moroccos-balanced-measured-position-on-ukraine-conflict/,2025-10-16,"Russian FM Commends Morocco’s ‘Balanced, Measured’ Position on Ukraine Conflict",DIP,,MAR | RUS,RUS | MAR,MO,,,,2025-10-16,"Russian FM Commends Morocco’s ‘Balanced, Measured’ Position on Ukraine Conflict","Russian Foreign Minister Sergey Lavrov expressed gratitude for Morocco’s “balanced, measured position on the situation in Ukraine and surrounding areas” during the high-level meeting with his Moroccan counterpart Nasser Bourita in Moscow this Thursday.",11,2.881818182,Morocco World News,en-US,MOROCCAN | MOROCCO | RUSSIAN,RUSSIA | RUSSIAN | MOROCCO | MOROCCAN,"['Provide military protection or peacekeeping', 'Investigate, not specified below', 'Consult, not specified below', 'Criticize or denounce', 'Praise or endorse']",Adil Faouzi
http://www.greekherald.com/news/278640022/russia-is-a-close-and-valued-partner-moroccan-fm,2025-10-16,Russia is a close and valued partner  Moroccan FM,DIP,,EGY | MAR | RUS,RUS | MAR,MO,,,"russian moroccan, countries, moscow, the ministers, the international, bourita, nasser, globalforeign minister, highlighted the",2025-10-16,Russia is a close and valued partner  Moroccan FM,"Russian Foreign Minister Sergey Lavrov has held talks with his Moroccan counterpart, Nasser Bourita Read Full Article at RT.com",10,4.0,Greek Herald,en,NASSER | MOROCCAN | MOROCCO | RUSSIAN | RUSSIA,RUSSIAN | SERGEY LAVROV | RUSSIA | MOROCCAN | MOROCCO,"['Engage in negotiation', 'Appeal to others to engage in or accept mediation', 'Consult, not specified below']",
https://www.africanews.com/2025/10/16/russia-and-morocco-pledge-to-deepen-cooperation-during-foreign-ministers-meeting/,2025-10-16,Russia and Morocco pledge to deepen cooperation during foreign ministers meeting | Africanews,DIP,,MAR | RUS,RUS | MAR,MO,,,,2025-10-16,Russia and Morocco pledge to deepen cooperation during foreign ministers meeting | Africanews,Russian Foreign Minister Sergey Lavrov met with his Moroccan counterpart Nasser Bourita in Moscow on Thursday.,8,4.5,Africanews,en,MOROCCO | MOROCCAN | RUSSIA | SERGEY LAVROV,RUSSIA | SERGEY LAVROV | FOREIGN MINIST | MOROCCO | MOROCCAN,"['Engage in diplomatic cooperation, not specified below', 'Engage in negotiation', 'Express intent to cooperate, not specified below']",AfricaNews
https://www.moroccoworldnews.com/2025/10/263850/bourita-king-mohammed-vi-holds-special-respect-for-president-putin/,2025-10-16,Bourita: King Mohammed VI Holds Special Respect for President Putin,DIP,,MAR | RUS,RUS | MAR,MO,,,,2025-10-16,Bourita: King Mohammed VI Holds Special Respect for President Putin,"In a high-level meeting in Moscow on Thursday, Moroccan Foreign Minister Nasser Bourita held substantive talks with his Russian counterpart, Sergey Lavrov. The discussions were characterized by positive understanding and harmony.",4,3.6,Morocco World News,en-US,MOROCCAN | MOROCCO | MOSCOW | RUSSIAN,RUSSIA | MOROCCAN,"['Make statement, not specified below', 'Praise or endorse', 'Express intent to meet or negotiate', 'Engage in negotiation']",Adil Faouzi
https://northafricapost.com/91565-russia-describes-morocco-as-an-important-partner-in-africa-on-eve-of-foreign-ministers-visit-to-moscow.html,2025-10-16,Russia describes Morocco as an “important partner” in Africa on eve of Foreign Minister’s visit to Moscow – The North Africa Post,DIP,,MAR | RUS,RUS | MAR,MO,,,,2025-10-16,Russia describes Morocco as an “important partner” in Africa on eve of Foreign Minister’s visit to Moscow – The North Africa Post,,4,-0.575,,en-US,MOROCCO | RUSSIA | VLADIMIR PUTIN,VLADIMIR PUTIN | MOROCCO,"['Host a visit', 'Make statement, not specified below', 'Make a visit', 'Halt negotiations']",
https://northafricapost.com/91584-morocco-russia-sign-memorandum-to-boost-strategic-partnership.html,2025-10-16,"Morocco, Russia sign memorandum to boost strategic partnership – The North Africa Post",DIP,,MAR | RUS,RUS | MAR,MO,,,,2025-10-16,"Morocco, Russia sign memorandum to boost strategic partnership – The North Africa Post",,4,2.35,,en-US,MOROCCO | RUSSIA,RUSSIA | MOROCCO,"['Make a visit', 'Host a visit']",
https://theconversation.com/putins-forever-war-against-the-west-267679,2025-10-16,Putin’s forever war against the west,INFO,,EGY | RUS,RUS | EGY,EG,,,,2025-10-16,Putin’s forever war against the west,"Drone incursions, cyber attacks, election interference: they are all part of a strategy aiming to wear down Russia’s percieved enemies.",4,2.35,The Conversation,en-EUROPE,EGYPT | PRESIDENT | RUSSIA | VLADIMIR,RUSSIA | VLADIMIR | EGYPT | PRESIDENT,"['Host a visit', 'Make a visit']",Jonathan Este
https://tass.com/world/2030945,2025-10-16,Moroccan foreign minister invites Russian counterpart to visit Morocco -  World - TASS,DIP,,MAR | RUS,RUS | MAR,MO,,,,2025-10-16,Moroccan foreign minister invites Russian counterpart to visit Morocco -  World - TASS,Nasser Bourita also said that he was grateful for the fruitful dialogue with Sergey Lavrov,4,3.175,TASS,,MOROCCAN | RUSSIAN,RUSSIAN | MOROCCAN,"['Express intent to meet or negotiate', 'Make a visit', 'Host a visit']",
https://www.foxnews.com/politics/grenell-praises-trumps-common-sense-foreign-policy-slams-bidens-avoiding-putin,2025-10-16,Trump envoy Grenell slams Biden for avoiding Putin talks for years | Fox News,DIP,,EUR | RUS,RUS | EUR,EG,,,,2025-10-16,Trump envoy Grenell slams Biden for avoiding Putin talks for years | Fox News,"Diplomat Richard Grenell calls President Donald Trump's diplomatic strategy ""common sense"" while slamming Biden's Putin avoidance.",2,1.0,Fox News,en,EUROPE | RUSSIA,RUSSIA | EUROPE,"['Consult, not specified below']",
https://tass.com/politics/2030845,2025-10-16,Russia ready to facilitate settlement processes in Middle East — Lavrov -  Russian Politics & Diplomacy - TASS,DIP,,MAR | RUS,RUS | MAR,MO,,,,2025-10-16,Russia ready to facilitate settlement processes in Middle East — Lavrov -  Russian Politics & Diplomacy - TASS,"The top Russian diplomat emphasized the need for Russia and Morocco to continue coordinating their activities on international platforms, primarily within the United Nations",2,2.35,TASS,,MOROCCO | RUSSIAN,RUSSIAN | MOROCCAN,"['Make a visit', 'Host a visit']",
http://www.bignewsnetwork.com/news/278640081/russia-is-a-close-and-valued-partner-moroccan-fm,2025-10-16,Russia is a 'close and valued partner' - Moroccan FM,DIP,,RUS,,MO,,,"Russian Foreign Minister Sergey Lavrov has held talks with his Moroccan counterpart, Nasser Bourita Read Full Article at RT.com",2025-10-16,Russia is a 'close and valued partner' - Moroccan FM,"Russian Foreign Minister Sergey Lavrov has held talks with his Moroccan counterpart, Nasser Bourita Read Full Article at RT.com",1,3.4,Big News Network.com,en,RUSSIA,,['Praise or endorse'],
https://www.moroccoworldnews.com/2025/10/263926/morocco-russia-from-18th-century-origins-to-188-agreement-strong-relationship/,2025-10-16,Morocco-Russia: From 18th Century Origins to 188-Agreement Strong Relationship,DIP,,RUS,MAR,MO,,,,2025-10-16,Morocco-Russia: From 18th Century Origins to 188-Agreement Strong Relationship,"In Moscow on Thursday, Moroccan Foreign Minister Nasser Bourita and Russian counterpart Sergey Lavrov met for substantive discussions that further strengthened the countries’ long-standing relationship.",1,4.0,Morocco World News,en-US,RUSSIAN,MOROCCO,['Express intent to meet or negotiate'],Adil Faouzi
https://aninews.in/news/world/asia/global-media-leaders-gather-in-moscow-for-17th-assembly-of-russian-world20251016162553/,2025-10-16,Global media leaders gather in Moscow for 17th Assembly of Russian World,INFO,,,RUS,SF,,,"Russian media conclave, Media conclave, Russian Assembly",2025-10-16,Global media leaders gather in Moscow for 17th Assembly of Russian World,"For the first time, the assembly will feature a special session titled ""New Media Dimension: Strengthening Dialogue - Confidence Building"", bringing together foreign and Russian specialists in mass communications. The session is being organised in partnership with TV BRICS International Media Network, the official international information partner of the event.",1,1.9,ANI News,en,MEDIA,MOSCOW,['Make a visit'],
https://www.yahoo.com/news/articles/assad-al-sharaa-putins-desperate-195223334.html,2025-10-16,From Assad to al-Sharaa — Putin's 'desperate attempt' to retain foothold in the Middle East,SEC,,EGY,RUS,EG,,,"Vladimir Putin, Russia, Assad regime, Moscow, Middle East, Donald, Olli Ruohomaki, Kyiv Independent, world leaders, al-Sharaa, Sergey Lavrov",2025-10-16,From Assad to al-Sharaa — Putin's 'desperate attempt' to retain foothold in the Middle East,"Russian President Vladimir Putin met with his Syrian counterpart, Ahmed al-Sharaa, in what experts described as the Kremlin's bid to cling to its foothold in the Middle East amid mounting setbacks and waning influence. The meeting, Russian Foreign Minister Sergey Lavrov said, involved talks on the future of Russia's military facilities — the naval base in Tartus and the Khmeimim air base. The talks came at a time of visible setbacks for Russia's presence in the Middle East. Moscow had planned",1,-0.4,Yahoo News,en-US,EGYPT,RUSSIA,['Make pessimistic comment'],
https://tass.com/politics/2030259,2025-10-16,"Tomahawks for Ukraine, Latvia sends Russians packing: Foreign Ministry briefing -  Russian Politics & Diplomacy - TASS",INFO,,UKR,RUS,MA,,,,2025-10-16,"Tomahawks for Ukraine, Latvia sends Russians packing: Foreign Ministry briefing -  Russian Politics & Diplomacy - TASS","According to Russian Foreign Ministry Spokeswoman Maria Zakharova, Russia firmly rejects any form of blackmail or intimidation",1,5.2,TASS,,KIEV,RUSSIA,['Express intent to provide military aid'],
https://www.aa.com.tr/en/world/putin-accuses-certain-western-elites-of-artificially-disrupting-global-energy-system/3719061,2025-10-16,Putin accuses ‘certain Western elites’ of artificially disrupting global energy system,DIP,,TUR,RUS,EG,,,"nuclear energy,Russia,Vladimir Putin,Anadolu Ajansı",2025-10-16,Putin accuses ‘certain Western elites’ of artificially disrupting global energy system,"Russian president argues energy supply chains are transforming, with logistics increasingly shifting toward Global South - Anadolu Ajansı",1,-2.0,,,ISTANBUL,VLADIMIR PUTIN,"['Accuse, not specified below']",
https://www.marketscreener.com/news/putin-speaks-on-oil-gas-coal-and-nuclear-at-russian-energy-week-ce7d5adcd88cf520,2025-10-16,"Putin speaks on oil, gas, coal and nuclear at Russian Energy Week | MarketScreener",ECON,,RUS,RUS,EG,,,Markets,2025-10-16,"Putin speaks on oil, gas, coal and nuclear at Russian Energy Week | MarketScreener","President Vladimir Putin gave the keynote address at Russian Energy Week 2025 in Moscow.
              Here are some of the main parts of his speech. He spoke in Russian and his words were translated...",1,0.0,MarketScreener,en-US,MOSCOW,VLADIMIR PUTIN,"['Make statement, not specified below']",Reuters
https://oilprice.com/Geopolitics/Africa/Russias-Middle-East-Power-Play-Is-Unravelling.html,2025-10-16,Russia’s Middle East Power Play Is Unravelling | OilPrice.com,DIP,,RUS,SYR,EG,,,"Russia, Middle East, Syria, Assad, Ukraine war, U.S. diplomacy, Israel-Gaza cease-fire, Iran, Putin, waning influence",2025-10-16,Russia’s Middle East Power Play Is Unravelling | OilPrice.com,"Ten years after its intervention in Syria, Russia’s influence in the Middle East has sharply declined as U.S.-led diplomacy takes center stage and Moscow struggles with the costs of its war in Ukraine.",1,0.0,OilPrice.com,en,RUSSIA,SYRIA,"['Make statement, not specified below']",
https://www.moroccoworldnews.com/2025/10/263780/russia-calls-morocco-important-partner-ahead-of-moroccan-fms-moscow-visit/,2025-10-15,Russia Calls Morocco ‘Important Partner’ Ahead of Moroccan FM’s Moscow Visit,DIP,,MAR | RUS,RUS | MAR,MO,,,,2025-10-15,Russia Calls Morocco ‘Important Partner’ Ahead of Moroccan FM’s Moscow Visit,"Russia’s Foreign Ministry called Morocco “an important partner” in Africa on Wednesday, just ahead of a high-level diplomatic visit that will bring Moroccan Foreign Minister Nasser Bourita to Moscow.",4,1.525,Morocco World News,en-US,MOROCCO | MOSCOW | RUSSIA,RUSSIA | MOROCCO | MOSCOW,"['Consult, not specified below', 'Host a visit', 'Make optimistic comment', 'Make a visit']",Issam Toutate
http://www.zimbabwestar.com/news/278637721/russia-and-namibia-bound-by-true-partnership-namibian-president,2025-10-15,Russia and Namibia bound by true partnership  Namibian president,DIP,,NAM,RUS,WA,,,"namibian president, russia and, african, namibian, technology, nandi, energy, cooperation russia, ndemupelila netumbo",2025-10-15,Russia and Namibia bound by true partnership  Namibian president,"Namibia’s president has praised Russia as a reliable ally, citing shared history and plans for deeper economic and technological ties Read Fu",2,3.2,Zimbabwe Star,en,PRESIDENT | NAMIBIA,RUSSIAN | RUSSIA,"['Praise or endorse', 'Appeal, not specified below']",
https://thezimbabwemail.com/tech/mnangagwas-government-signs-cyber-snooping-deal-with-russian-company/,2025-10-15,Mnangagwa’s Government Signs Cyber-Snooping Deal with Russian Company | The Zimbabwe Mail,INFO,,RUS,ZWE,ZI,,,,2025-10-15,Mnangagwa’s Government Signs Cyber-Snooping Deal with Russian Company | The Zimbabwe Mail,,2,3.5,,en-US,RUSSIA,ZIMBABWE,"['Engage in diplomatic cooperation, not specified below']",
http://www.africaleader.com/news/278637729/russia-and-namibia-bound-by-true-partnership-namibian-president,2025-10-15,Russia and Namibia bound by 'true partnership' - Namibian president,DIP,,NAM | RUS,RUS | NAM,WA,,,"Namibia's president has praised Russia as a reliable ally, citing shared history and plans for deeper economic and technological ties Read Full Article at RT.com",2025-10-15,Russia and Namibia bound by 'true partnership' - Namibian president,"Namibia's president has praised Russia as a reliable ally, citing shared history and plans for deeper economic and technological ties Read Full Article at RT.com",2,5.65,Africa Leader,en,NAMIBIA | RUSSIA,RUSSIA | NAMIBIA,"['Appeal, not specified below', 'Provide military aid']",
https://www.yahoo.com/news/articles/russia-says-hopes-bloodshed-avoided-101248593.html,2025-10-15,Russia says it hopes bloodshed will be avoided in Madagascar,DIP,,RUS,RUS,MA,,,"Madagascar, Russia, bloodshed, Colonel Michael Randrianirina",2025-10-15,Russia says it hopes bloodshed will be avoided in Madagascar,"MOSCOW (Reuters) -Russia said on Wednesday that it was closely watching events in Madagascar and hoped that bloodshed would be avoided after the military took power following weeks of youth-led protests.  Demonstrations first erupted in Madagascar on September 25 over water and power shortages and quickly escalated into an uprising over broader grievances, including corruption, bad governance and a lack of basic services.  Colonel Michael Randrianirina declared on Tuesday that he had taken power and that a military committee would rule the country for a period of up to two years alongside a transitional government before organising new elections.",1,0.4,Yahoo News,en-US,RUSSIAN,MOSCOW,['Make optimistic comment'],
https://www.yahoo.com/news/articles/syrias-al-sharaa-meet-putin-061001923.html,2025-10-15,Syria's al-Sharaa meets Putin during his first Russia visit,DIP,,SYR,RUS,EG,,,"Vladimir Putin, Syria, Syrian Arab News Agency, Russia, Syrian President, Bashar al-Assad, President Donald Trump",2025-10-15,Syria's al-Sharaa meets Putin during his first Russia visit,"During their meeting, Putin lauded the ""friendly"" relationship between Syria and Russia, while al-Sharaa said Damascus would respect all previously concluded agreements.",1,1.0,Yahoo News,en-US,SYRIA,RUSSIA,"['Consult, not specified below']",
https://www.moroccoworldnews.com/2025/10/263753/russias-fm-to-hold-talks-with-bourita-amid-moscows-possible-shift-on-western-sahara/,2025-10-15,Russia's FM to Hold Talks with Bourita Amid Moscow’s Possible Shift on Western Sahara,DIP,,RUS,EGY,MO,,,,2025-10-15,Russia's FM to Hold Talks with Bourita Amid Moscow’s Possible Shift on Western Sahara,"Russia’s Sergey Lavrov to hold talks with Morocco's Nasser Bourita, amid reports suggesting a possible shift in stance on Western Sahara.",1,1.0,Morocco World News,en-US,RUSSIA,NASSER,"['Consult, not specified below']",Safaa Kasraoui
https://thebftonline.com/2025/10/14/jehu-appiah-presents-copies-of-credentials-to-deputy-minister-vershinin/,2025-10-15,Jehu-Appiah presents copies of credentials to Deputy Minister Vershinin - The Business & Financial Times,DIP,,RUS,,GH,,,,2025-10-15,Jehu-Appiah presents copies of credentials to Deputy Minister Vershinin - The Business & Financial Times,"By Kestér Kenn KLOMEGÂH Ghana’s new Ambassador Extraordinary and Plenipotentiary to Russia, Dr. Koma Steem Jehu-Appiah, in a brief ceremony, has presented copies of his credentials to the Deputy Foreign Minister, Sergey Vershinin, at the Russia’s Ministry of Foreign Affairs. “During the conversation, a substantive discussion took place on the further development of the traditionally […]",1,0.0,The Business & Financial Times,en-GB,RUSSIA,PRESIDENT,"['Make statement, not specified below']",Francis
https://dailypost.ng/2025/10/14/russia-reacts-to-political-upheavals-in-madagascar-peru/,2025-10-14,"Russia reacts to political upheavals in Madagascar, Peru - Daily Post Nigeria",DIP,,RUS,MDG,MA,,,,2025-10-14,"Russia reacts to political upheavals in Madagascar, Peru - Daily Post Nigeria","The Russian government has expressed serious concern over the unfolding situation in Madagascar, urging all parties to refrain from actions that could",3,-0.3,Daily Post Nigeria,en-US,RUSSIAN | RUSSIA,MADAGASCAR,['Appeal to yield'],Wale Odunsi
https://www.thenewsteller.com/2025/as-russians-try-to-get-out-of-the-world-in-the-west/19391,2025-10-14,As Russians try to get out of the world in the west,INFO,,ETH | RUS,RUS | ETH,ET,,,,2025-10-14,As Russians try to get out of the world in the west,"Over the past three years, the state -supported Russian news channel RT has expanded its international presence. How Russia is silent trying to try all over the world over the West Juliana reads and listens to this article Javier Gallardo...",2,2.35,The News Teller,en,ETHIOPIA | RUSSIAN,RUSSIAN | ETHIOPIA,"['Host a visit', 'Make a visit']",
https://tass.com/politics/2029729,2025-10-14,Western banks using frozen Libyan assets — Russian mission to UN -  Russian Politics & Diplomacy - TASS,INFO,,LBY,RUS,LY,,,,2025-10-14,Western banks using frozen Libyan assets — Russian mission to UN -  Russian Politics & Diplomacy - TASS,"Dmitry Polyansky called on those ""who call themselves friends of Libya"" to prove this and join efforts to protect Libya’s assets, ""including through preventing such thefts and fraudulent activities in their national jurisdictions""",2,-2.0,TASS,,LIBYAN,RUSSIAN,['Complain officially'],
http://www.iraqsun.com/news/278635447/former-colonizers-fueling-african-tensions-lavrov,2025-10-14,Former colonizers fueling African tensions  Lavrov,DIP,,RUS,DZA | MLI,AG,,,"accusations against, civilian, russian, supplyingthe minister, responsibility, african, military, the russian, trying",2025-10-14,Former colonizers fueling African tensions  Lavrov,Russian Foreign Minister Sergey Lavrov has accused former colonial powers of stoking divisions in Africa Read Full Article at RT.com,2,7.0,Iraq Sun,en,MOSCOW,ALGERIA | MALI,['Engage in negotiation'],
https://weeklyblitz.net/2025/10/15/lavrov-says-durable-peace-in-middle-east-depends-on-palestinian-statehood/,2025-10-14,Lavrov says durable peace in Middle East depends on Palestinian statehood - BLiTZ,DIP,,RUS | SYR,RUS,EG,,,,2025-10-14,Lavrov says durable peace in Middle East depends on Palestinian statehood - BLiTZ,"Russian Foreign Minister Sergey Lavrov October 13 laid out Moscow’s position on the rapidly developing Middle East peace efforts, emphasizing that no settlement between Israel and the Palestinians would be viable without implementing long-standing United Nations resolutions calling for an independent Palestinian state within the 1967 borders. Speaking at a press engagement with Arab media outlets in […]",2,3.7,BLiTZ,en-US,RUSSIA | SYRIA,RUSSIA,"['Express intent to cooperate, not specified below', 'Praise or endorse']",Suraiyya Aziz
https://www.moroccoworldnews.com/2025/10/263361/western-sahara-russia-open-to-support-moroccos-autonomy-plan-as-form-of-self-determination/,2025-10-13,Western Sahara: Russia Open to Support Morocco’s Autonomy Plan as Form of Self-Determination,DIP,,CHN | RUS,RUS | CHN | MAR,MO,,,,2025-10-13,Western Sahara: Russia Open to Support Morocco’s Autonomy Plan as Form of Self-Determination,"In what observers might see as a significant diplomatic shift in Russia’s usual stance, Foreign Minister Sergei Lavrov explicitly stated Moscow’s openness to supporting Morocco’s Autonomy Plan for the Western Sahara, provided it secures approval from all parties involved in the long-standing dispute.",6,2.033333333,Morocco World News,en-US,BEIJING | MOSCOW | RUSSIA,MOSCOW | BEIJING | THE SECURITY COUNCIL | UN SECURITY COUNCIL | MOROCCO,"['Disapprove, not specified below', 'Praise or endorse', 'Engage in material cooperation, not specified below']",Adil Faouzi
https://tass.com/politics/2028875,2025-10-13,Russia expects Gaza agreements to be implemented — top diplomat -  Russian Politics & Diplomacy - TASS,DIP,,EGY | RUS,RUS | EGY | ISR | PSE,EG,,,,2025-10-13,Russia expects Gaza agreements to be implemented — top diplomat -  Russian Politics & Diplomacy - TASS,Sergey Lavrov still pointed to the statements both from Hamas and from Tel Aviv that nothing is over yet and the crisis may resume,4,1.375,TASS,,EGYPT | RUSSIAN | RUSSIA,RUSSIAN | EGYPT | ISRAEL | GAZA,"['Make a visit', 'Host a visit', 'Make optimistic comment']",
https://www.qatar-tribune.com/article/198967/latest-news/russian-fm-calls-for-clarity-on-palestinian-statehood-implementation-of-gaza-peace-deal,2025-10-13,"Russian FM calls for clarity on Palestinian statehood, implementation of Gaza peace deal - Read Qatar Tribune on the go for unrivalled news coverage",DIP,,RUS,ISR | PSE,EG,,,"Russian,FM,calls,for,clarity,on,Palestinian,statehood,,implementation,of,Gaza,peace,deal",2025-10-13,"Russian FM calls for clarity on Palestinian statehood, implementation of Gaza peace deal - Read Qatar Tribune on the go for unrivalled news coverage",MOSCOW: Russian Foreign Minister Sergey Lavrov voiced concern on Monday that US President Donald Trump’s plan to resolve the Israeli-Palestinian conflict lacks clarity on the...,2,3.0,Qatar Tribune,en,RUSSIA | RUSSIAN,ISRAEL | PALESTINIAN,"['Appeal, not specified below']",Hanane Djoua
https://tass.com/politics/2029095,2025-10-13,"Russia hopes for peaceful resolution of Madagascar conflict, calls for restraint -  Russian Politics & Diplomacy - TASS",DIP,,RUS,RUS | MDG,MA,,,,2025-10-13,"Russia hopes for peaceful resolution of Madagascar conflict, calls for restraint -  Russian Politics & Diplomacy - TASS",The Foreign Ministry strongly recommends that Russian citizens refrain from traveling to Madagascar until the situation is fully normalized,2,1.35,TASS,,FOREIGN MINIST | RUSSIA,RUSSIAN | MADAGASCAR,"['Appeal, not specified below', 'Appeal to yield']",
https://thebftonline.com/2025/10/13/jehu-appiah-and-moscows-diplomatic-staff-share-views-on-developing-ghana-russia-collaboration/,2025-10-13,Jehu-Appiah and Moscow's diplomatic staff share views on developing Ghana-Russia collaboration - The Business & Financial Times,DIP,,,RUS,GH,,,,2025-10-13,Jehu-Appiah and Moscow's diplomatic staff share views on developing Ghana-Russia collaboration - The Business & Financial Times,"By Kestér Kenn KLOMEGÂH On October 6th, Ghana’s new Ambassador  to Russia, Dr. Koma Steem Jehu-Appiah held his maiden meeting with members of staff of the Mission and shared his initial diplomatic aspirations, further emphasized that it was an opportunity, together as a team, to pursue the Ghana-Russia bilateral relations under the administration of President […]",2,0.75,The Business & Financial Times,en-GB,AMBASSADOR,RUSSIAN FEDERATION,"['Engage in diplomatic cooperation, not specified below', 'Disapprove, not specified below']",Francis
"https://www.africaintelligence.com/eastern-africa-and-the-horn/2025/10/13/ocp-takes-upper-hand-over-russia-in-fertiliser-plant-project,110532945-art",2025-10-13,Kenya/Morocco • OCP takes upper hand over Russia in fertiliser plant project - 13/10/2025 - Africa Intelligence,ECON,,KEN,RUS,KE,,,,2025-10-13,Kenya/Morocco • OCP takes upper hand over Russia in fertiliser plant project - 13/10/2025 - Africa Intelligence,"Kenya hopes to begin work on the site in partnership with the OCP Group in 2026. Another project, backed by a Russian oligarch, whose identity has been uncovered by Africa Intelligence, is making - 10/13/2025",1,5.0,Africa Intelligence,en,KENYA,RUSSIA,"['Yield, not specified below']",
https://english.elpais.com/international/2025-10-12/finland-fortifies-itself-against-its-russian-neighbor.html,2025-10-12,Finland fortifies itself against its Russian neighbor  | International | EL PAÍS English,SEC,,SOM,RUS,SO,,,,2025-10-12,Finland fortifies itself against its Russian neighbor  | International | EL PAÍS English,"Two years after its accelerated entry into NATO, the Nordic country is deepening its defense strategy to ward off a threat that has never entirely gone away",1,-2.0,EL PAÍS English,en-us,SOMALIA,MOSCOW,"['Accuse, not specified below']",Ignacio Fariza (Special Correspondent)
https://www.moroccoworldnews.com/2025/10/263102/russias-role-intensifies-in-western-sahara-dispute-as-unsc-vote-approaches/,2025-10-11,Russia’s Role Intensifies in Western Sahara Dispute as UNSC Vote Approaches,DIP,,MAR | RUS,RUS | MAR,MO,,,,2025-10-11,Russia’s Role Intensifies in Western Sahara Dispute as UNSC Vote Approaches,"Morocco’s ambassador to Moscow, Lotfi Bouchaara, met with Russian Deputy Foreign Minister Sergey Vershinin on Thursday, October 9, with Western Sahara dominating the agenda.",6,1.0,Morocco World News,en-US,MOROCCO | RUSSIAN,RUSSIAN | MOROCCO,"['Consult, not specified below']",Adil Faouzi
https://www.globalsecurity.org/wmd/library/news/russia/2025/10/russia-251009-russia-mfa01.htm,2025-10-11,"Foreign Minister Sergey Lavrov's interview with RT's Bridges to the East project, Moscow, October 9, 2025",DIP,,AFR | RUS,RUS | AFR,AG | LY,,,"WMD,library,news,russia,2025,October",2025-10-11,"Foreign Minister Sergey Lavrov's interview with RT's Bridges to the East project, Moscow, October 9, 2025",,3,0.6666666667,,,AFRICA | RUSSIA | SERGEY LAVROV,RUSSIA | AFRICA,"['Consult, not specified below', 'Engage in symbolic act']",John Pike
http://www.sierraleonetimes.com/news/278630305/top-subject-choices-for-african-students-in-russia-revealed,2025-10-11,Top subject choices for African students in Russia revealed,INFO,,BFA,RUS,UV,,,"south african, the russian, agriculture, interest, rossotrudnichestvo, students, student, revealed, russian universities",2025-10-11,Top subject choices for African students in Russia revealed,Pavel Shevtsov has highlighted the growing demand for Russian education across the Africa Read Full Article at RT.com,1,0.4,Sierra Leone Times,en,BURKINA FASO,RUSSIA,['Make optimistic comment'],
https://dailynews.co.tz/russia-ethiopia-forge-new-nuclear-power-alliance-a-landmark-for-africas-energy-future/,2025-10-10,"Russia, Ethiopia forge new nuclear power alliance – A landmark for Africa’s energy future - Daily News",ECON,,RUS,RUS | AFR,ET | SF,,,,2025-10-10,"Russia, Ethiopia forge new nuclear power alliance – A landmark for Africa’s energy future - Daily News","In a high-profile ceremony during World Atomic Week 2025 in Moscow, Rosatom and Ethiopia commit to kick-starting Ethiopia’s first nuclear power plant project",6,6.916666667,Daily News - Tanzania Standard Newspapers,en-US,PRIME MINISTER | RUSSIA | VLADIMIR PUTIN,VLADIMIR PUTIN | AFRICA | PRIME MINISTER,"['Engage in negotiation', 'Sign formal agreement', 'Engage in diplomatic cooperation, not specified below']",Daily News Reporter
https://thezimbabwemail.com/news/world-world-3/trouble-for-south-africa-as-local-tech-found-in-russian-drones/,2025-10-10,Trouble for South Africa as local tech found in Russian drones | The Zimbabwe Mail,SEC,,AFR | USA,RUS,SF,,,,2025-10-10,Trouble for South Africa as local tech found in Russian drones | The Zimbabwe Mail,,5,-4.08,,en-US,AFRICA | MILITARY | THE US | US AMBASSADOR,MOSCOW | RUSSIA,"['Criticize or denounce', 'Accuse, not specified below', 'Demonstrate military or police power, not specified below']",
https://blueprint.ng/ajaokuta-steel-complex-conundrum/,2025-10-10,Ajaokuta Steel Complex conundrum - Blueprint Newspapers Limited,ECON,,RUS,NGA,NI,,,,2025-10-10,Ajaokuta Steel Complex conundrum - Blueprint Newspapers Limited,"News Headline -  Apparently flowing from the outcry of the Nigerian government that it has no money to complete the Ajaokuta Steel Company Limited (ASCL), the Russian Federation is considering …",2,7.0,,en-US,RUSSIA,NIGERIAN,"['Return, release person(s)']",
https://www.namibian.com.na/south-africans-have-their-eyes-peeled-for-russians-in-the-sky/,2025-10-10,South Africans have their eyes peeled for Russians in the sky - News - The Namibian,SEC,,RUS,,WA,,,,2025-10-10,South Africans have their eyes peeled for Russians in the sky - News - The Namibian,The Russian-made Ilyushin cargo planes spotted flying in and out of Waterkloof have been chartered by the South African National Department of Defence. With the sensational […],1,3.0,The Namibian,en-GB,RUSSIA,,"['Appeal, not specified below']",Darren Olivier
https://www.breitbart.com/middle-east/2025/10/09/world-leaders-applaud-trumps-landmark-gaza-peace-deal/,2025-10-10,World Leaders Applaud Trump’s ‘Landmark’ Gaza Peace Deal,DIP,,RUS,RUS,EG,,,,2025-10-10,World Leaders Applaud Trump’s ‘Landmark’ Gaza Peace Deal,"Early responses to President Donald Trump’s peace deal in Gaza have been strongly positive, even from adversarial nation Russia.",1,-2.0,Breitbart,en,RUSSIAN,RUSSIAN,"['Disapprove, not specified below']",John Hayward
https://chimpreports.com/russian-minister-to-uganda-sanctions-made-us-more-self-reliant/,2025-10-09,Russian Minister to Uganda: Sanctions Made Us More Self-Reliant | ChimpReports,ECON,,RUS | UGA,UGA | RUS,UG,,,,2025-10-09,Russian Minister to Uganda: Sanctions Made Us More Self-Reliant | ChimpReports,"Kampala — Russia’s Deputy Minister of Digital Development, Communications and Mass Media Bella Cherkesova said Western sanctions have accelerated the country’s technological independence and spurred deeper partnerships with nations such as Uganda. Speaking at the Uganda–Russia Intergovernmental Commission on Economic and Scientific-Technical Cooperation in Kampala, Cherkesova said restrictions imposed on Moscow since 2022 have pushed …",9,0.9333333333,ChimpReports,en-US,RUSSIA | UGANDA,UGANDA | RUSSIA,"['Impose embargo, boycott, or sanctions', 'Engage in diplomatic cooperation, not specified below', 'Praise or endorse']",Jackie Namatovu
http://www.arabherald.com/news/278625907/russia-and-nigeria-boost-agriculture-ties,2025-10-09,Russia and Nigeria boost agriculture ties,ECON,,RUS,AFR | RUS,EG | UV,,,"leaders, burkina, ministry, moscow, sotinrin, crop breeding, production and, production, products",2025-10-09,Russia and Nigeria boost agriculture ties,Nigeria and Russia have formalized a cooperation agreement to strengthen crop breeding and seed production Read Full Article at RT.com,5,4.0,Arab Herald,en,RUSSIAN | RUSSIA,AFRICA | MINIST OF AGRICULTURE | MOSCOW | RUSSIA,"['Praise or endorse', 'Cooperate economically']",
https://weeklyblitz.net/2025/10/10/ukraine-accused-of-aiding-militants-in-africa-moscow-alleges-covert-operations-and-arms-diversion/,2025-10-09,Ukraine accused of aiding militants in Africa: Moscow alleges covert operations and arms diversion - BLiTZ,INFO,,RUS,COL | SDN | UKR,SU,,,,2025-10-09,Ukraine accused of aiding militants in Africa: Moscow alleges covert operations and arms diversion - BLiTZ,"Russia has accused Ukraine of exporting conflict and chaos beyond Europe’s borders, alleging that Kiev is providing military support-including drones, instructors, and Western-supplied weapons-to militant groups across Africa’s volatile Sahara-Sahel region. The claims, made by Russian Foreign Ministry spokeswoman Maria Zakharova during a press briefing in Moscow this week, have raised new concerns about the […]",3,4.733333333,BLiTZ,en-US,RUSSIAN,COLOMBIAN | SUDAN | UKRAINIAN,"['Praise or endorse', 'Cooperate militarily']",Damsana Ranadhiran
http://www.sierraleonetimes.com/news/278626508/new-evidence-of-ukraine-backing-terrorism-in-africa-moscow,2025-10-09,New evidence of Ukraine backing terrorism in Africa  Moscow,INFO,,RUS | UKR,UKR | RUS,ML | NG,,,"somalia, operations, military, cooperation, malian, armed groups, including, evidence, supporting",2025-10-09,New evidence of Ukraine backing terrorism in Africa  Moscow,Maria Zakharova has accused Ukraine of supplying drones and weapons to militant groups in Africa Read Full Article at RT.com,2,2.0,Sierra Leone Times,en,RUSSIA | UKRAINIAN,UKRAINIAN | RUSSIAN,"['Express intent to cooperate, not specified below', 'Make statement, not specified below']",
https://thebftonline.com/2025/10/09/ambassador-jehu-appiah-and-moscows-diplomatic-staff-share-views-on-developing-ghana-russia-collaboration/,2025-10-09,Ambassador Jehu-Appiah and Moscow's diplomatic staff Share Views on Developing Ghana-Russia Collaboration - The Business & Financial Times,DIP,,,RUS,GH,,,,2025-10-09,Ambassador Jehu-Appiah and Moscow's diplomatic staff Share Views on Developing Ghana-Russia Collaboration - The Business & Financial Times,"By Kestér Kenn KLOMEGÂH On October 6th, Ghana’s new Ambassador Extraordinary & Plenipotentiary to Russia, Dr. Koma Steem Jehu-Appiah held his maiden meeting with members of staff of the Mission and shared his initial diplomatic aspirations, further emphasised that it was an opportunity, together as a team, to pursue the Ghana-Russia bilateral relations under the […]",2,0.75,The Business & Financial Times,en-GB,AMBASSADOR,RUSSIAN FEDERATION,"['Engage in diplomatic cooperation, not specified below', 'Disapprove, not specified below']",Juliet Etefe
https://libyaobserver.ly/news/russia-accuses-ukraine-and-gnu-backing-terrorism-africas-sahel,2025-10-09,Russia accuses Ukraine and GNU of backing terrorism in Africa’s Sahel | The Libya Observer,INFO,,RUS,UKR,SU,,,"Russia,Ukraine",2025-10-09,Russia accuses Ukraine and GNU of backing terrorism in Africa’s Sahel | The Libya Observer,"Russia has accused Ukraine of supporting terrorist groups in Africa’s Sahel region, allegedly in coordination with Libya’s Government of National Unity (GNU). Foreign Ministry spokesperson Maria Zakharova told reporters on Wednesday that Kyiv’s “terrorism knows no borders,” claiming Ukraine’s military intelligence had supplied attack drones and training to militants in the region through links with Libya’s security forces, allegedly brokered by the UK.",2,-2.0,The Libya Observer,en,RUSSIA,UKRAINE,"['Accuse, not specified below']",
https://en.24tv.ua/how-foreign-women-are-recruited-make-shahed-kamikaze-drones_n2924136,2025-10-09,"Work and Travel, Russian Style: How foreign women are recruited to make Shahed kamikaze drones – investigation - News TV channel 24",SEC,,RUS,,SF,,,,2025-10-09,"Work and Travel, Russian Style: How foreign women are recruited to make Shahed kamikaze drones – investigation - News TV channel 24","Since autumn 2022 Ukrainian cities have been suffering attacks by Iranian Shahed 136 drones. This weapon proved extremely effective for the enemy due to a shortage of air defenses and their high cost. At first, combined strikes together with drones targeted energy infrastructure. The Kremlin hoped to deprive us of electricity and heat, forcing society to capitulate. When that plan failed, the Russian army moved on to mass shelling of civilian cities. The choice was made in favor of a tactic of terror. Read more and see images here.",2,-4.4,24 Канал,en,RUSSIA,,"['Threaten, not specified below']",
https://www.opinionnigeria.com/building-new-global-order-challenges-and-perspectives-by-kester-kenn-klomegah/,2025-10-09,Building New Global Order: Challenges and Perspectives -By Kestér Kenn Klomegâh - Opinion Nigeria,DIP,,RUS,,AG,,,,2025-10-09,Building New Global Order: Challenges and Perspectives -By Kestér Kenn Klomegâh - Opinion Nigeria,"Relations with United StatesAccording to reports Russia's and the United States ""outlooks on numerous global problems do not converge,"" but ""for major powers, this is actually normal."" Solutions to the contradictions between Russia and the US that would satisfy both sides are possible: ""Whatever the disagreements, if we treat each other with respect, then bargaining, even the toughest and most persistent, will still aim to reach a consensus, and this means that mutually acceptable solutions are possible.""",1,-5.0,Opinion Nigeria,en-US,VLADIMIR PUTIN,,"['Demand, not specified below']",Opinion Nigeria
https://tass.com/society/2027637,2025-10-09,South Africa's Supreme Court of Appeal upholds Russia's lawsuit against Google -  Society & Culture - TASS,DIP,,,RUS,SF,,,,2025-10-09,South Africa's Supreme Court of Appeal upholds Russia's lawsuit against Google -  Society & Culture - TASS,The current ruling by South Africa's highest arbitration court could expedite the consideration of other aspects of the Spas TV channel's lawsuit against Google in the country,1,7.4,TASS,,SUPREME COURT,MOSCOW,['Provide economic aid'],
https://chimpreports.com/russian-firms-target-uganda-as-moscow-deepens-investment-ties/,2025-10-08,Russian Firms Target Uganda as Moscow Deepens Investment Ties | ChimpReports,ECON,,RUS,RUS | AFR,UG,,,,2025-10-08,Russian Firms Target Uganda as Moscow Deepens Investment Ties | ChimpReports,"Russia is stepping up its investment drive in Uganda, with several Russian companies establishing operations in the East African nation as part of a broader strategy to expand trade and industrial cooperation across Africa. Speaking at the third session of the Uganda–Russia Intergovernmental Commission on Economic and Scientific-Technical Cooperation in Kampala this Wednesday morning, Bella …",5,4.6,ChimpReports,en-US,RUSSIA | RUSSIAN,RUSSIAN | AFRICA,"['Engage in negotiation', 'Express intent to cooperate, not specified below', 'Consult, not specified below']",Jackie Namatovu
https://chimpreports.com/uganda-sets-up-coffee-fresh-produce-exports-hub-in-russia-says-amb-kizige/,2025-10-08,"Uganda Sets up Coffee, Fresh Produce Exports Hub in Russia, Says Amb. Kizige | ChimpReports",ECON,,RUS | UGA,DEU | RUS,UG,,,,2025-10-08,"Uganda Sets up Coffee, Fresh Produce Exports Hub in Russia, Says Amb. Kizige | ChimpReports","Moscow: Uganda has begun expanding its exports of coffee, fresh fruits, and vegetables to Russia as part of a broader strategy to strengthen trade relations and diversify markets for Ugandan agricultural products, Uganda’s Ambassador to Russia Moses Kizige said Tuesday. Speaking at the third session of the Uganda–Russia Intergovernmental Commission on Economic and Scientific-Technical Cooperation …",4,0.1,ChimpReports,en-US,RUSSIAN | UGANDA,GERMANY | RUSSIA,"['Cooperate economically', 'Criticize or denounce']",Jackie Namatovu
https://www.dailystar.co.uk/news/latest-news/ww3-fears-russia-threatens-strike-36030391,2025-10-08,WW3 fears as Russia threatens to strike 14 UK locations to panic Britain  - Daily Star,INFO,,RUS | UKR,EUR | RUS,ZI,,,"HMS Queen Elizabeth, Vladimir Putin, Royal Navy, drone, Animals, Military, Russia, London, World War 3",2025-10-08,WW3 fears as Russia threatens to strike 14 UK locations to panic Britain  - Daily Star,A senior ally of Vladimir Putin has warned that Europeans should 'cr** themselves with fear' as the threat of World War Three looms after Russia threatened to strike various parts of the UK,2,-5.7,Daily Star,en,VLADIMIR PUTIN | UKRAINE,EUROPEAN | RUSSIA,"['Threaten to use military force, not specified below', 'Threaten, not specified below']",Sarah Barltrop
https://www.tradewindsnews.com/law/suspect-in-one-of-shipping-s-most-baffling-hijacking-cases-arrested-after-15-years-on-the-run/2-1-1882171,2025-10-08,Suspect in one of shipping’s most baffling hijacking cases arrested after 15 years on the run,SEC,,FIN | RUS,RUS | FIN,CV,,,,2025-10-08,Suspect in one of shipping’s most baffling hijacking cases arrested after 15 years on the run,Russian-Israeli man seized in Cyprus after disappearing while on bail,2,2.35,tradewindsnews.com,en,FINLAND | RUSSIA,RUSSIA | FINLAND,"['Host a visit', 'Make a visit']",
https://www.bankingnews.gr/index.php?id=830585,2025-10-08,Shock and awe - Who do the Tomahawks really threaten? Two grim scenarios for Europe - Russia: “We will bury you with Kinzhal”,SEC,,UKR,RUS,LY,,,,2025-10-08,Shock and awe - Who do the Tomahawks really threaten? Two grim scenarios for Europe - Russia: “We will bury you with Kinzhal”,Shock and awe - Who do the Tomahawks really threaten? Two grim scenarios for Europe - Russia: “We will bury you with Kinzhal”,2,-5.0,bankingnews.gr,el-gr,UKRAINE,RUSSIA | MOSCOW,"['Make statement, not specified below', 'Use conventional military force, not specified below']",
https://tass.com/economy/2026747,2025-10-08,Russia’s poultry exports to Africa triple in January-August exceeding $27 mln -  Business & Economy - TASS,ECON,,RUS,GHA | TGO,GH | TO,,,,2025-10-08,Russia’s poultry exports to Africa triple in January-August exceeding $27 mln -  Business & Economy - TASS,"The federal center Agroexport clarified that the majority of revenue came from exports of frozen turkey parts and offal, amounting to over $17 million",2,6.4,TASS,,RUSSIAN | RUSSIA,GHANA | TOGO,['Cooperate economically'],
https://chimpreports.com/uganda-strengthens-economic-ties-with-russia-following-brics-partnership/,2025-10-08,Uganda Strengthens Economic Ties with Russia Following BRICS Partnership | ChimpReports,ECON,,UGA,RUS,UG,,,,2025-10-08,Uganda Strengthens Economic Ties with Russia Following BRICS Partnership | ChimpReports,"Kampala: Uganda is moving to deepen its economic and scientific collaboration with Russia, following its entry as a Partner State in BRICS, a development Kampala says will expand opportunities for trade, technology transfer, and access to development financing. During the third session of the Uganda–Russia Intergovernmental Commission on Economic and Scientific-Technical Cooperation, held Tuesday at …",2,6.0,ChimpReports,en-US,KAMPALA,RUSSIA,"['Engage in material cooperation, not specified below']",Jackie Namatovu
https://www.express.co.uk/news/world/2118420/russias-chilling-ww3-threat-strike,2025-10-08,Russia's horror WW3 threat to strike 16 UK locations - 'crap yourself with fear' | World | News | Express.co.uk,INFO,,ZWE,RUS,ZI,,,,2025-10-08,Russia's horror WW3 threat to strike 16 UK locations - 'crap yourself with fear' | World | News | Express.co.uk,A key Putin ally warned that Europeans should 'crap themselves with fear' after drone sightings brought flights to a halt.,1,-4.4,Express.co.uk,en,ZIMBABWE,RUSSIA,"['Threaten, not specified below']",Sarah Barltrop
https://www.the-star.co.ke/news/2025-10-07-russia-no-forced-recruitment-of-kenyans-into-security-forces,2025-10-07,"No forced recruitment of Kenyan nationals into security forces, Russia assures Kenya",DIP,,KEN | RUS,RUS | KEN,KE,,,"Russia,kenyans,Ukraine,war,Moscow,nairobi,singoei,vsevolod,the star",2025-10-07,"No forced recruitment of Kenyan nationals into security forces, Russia assures Kenya",The Russian Federation reiterated its official stance against the forced conscription of foreign nationals,9,3.6,The Star,en,KENYA | RUSSIA | RUSSIAN FEDERATION | RUSSIAN,RUSSIAN | RUSSIA | FOREIGN NATIONAL | KENYA,"['Engage in negotiation', 'Engage in diplomatic cooperation, not specified below', 'Praise or endorse', 'Make statement, not specified below', 'Express intent to cooperate, not specified below']",
https://www.moonofalabama.org/2024/05,2025-10-07,May 2024 – Moon of Alabama,INFO,,ISR | RUS | SDN,RUS | ISR | SDN,SU,,,,2025-10-07,May 2024 – Moon of Alabama,,8,8.0,,en-US,ISRAEL | RUSSIA | SUDAN,RUSSIA | ISRAEL | SUDAN,['Sign formal agreement'],
https://www.thesouthafrican.com/news/us-blacklisted-russian-cargo-plane-lands-in-upington-departs-empty/,2025-10-07,"US-blacklisted Russian cargo plane lands in Upington, departs EMPTY",SEC,,AFR | RUS | ZAF,RUS | AFR | USA | ZAF,SF,,,,2025-10-07,"US-blacklisted Russian cargo plane lands in Upington, departs EMPTY","A Russian cargo aircraft, blacklisted by the United States, landed in Upington in the Northern Cape, sparking fresh concerns.",8,0.525,The South African,en-ZA,AFRICA | RUSSIA | RUSSIAN | NORTHERN CAPE,RUSSIA | AFRICA | UNITED STATES | PRETORIA | NORTHERN CAPE,"['Host a visit', 'Make pessimistic comment', 'Make a visit', 'Reduce relations, not specified below']",Garrin Lambley
https://africa.com/south-africa-grants-flight-permit-to-us-sanctioned-russian-airline/,2025-10-07,South Africa grants flight permit to US-sanctioned Russian airline | africa.com,SEC,,AFR,RUS,SF,,,,2025-10-07,South Africa grants flight permit to US-sanctioned Russian airline | africa.com,"A Russian cargo plane operated by Abakan Air, a company under US sanctions for transporting military equipment, recently landed in South Africa. The",1,2.8,Africa.com,en-US,AFRICA,RUSSIAN,['Host a visit'],
http://www.kenyastar.com/news/278674848/russias-g20-summit-delegation-revealed,2025-10-06,Russias G20 summit delegation revealed,DIP,,RUS,AFR,SF,,,"trump, kremlin, g20 summit, group, development, president, russian, oreshkin, presidential",2025-10-06,Russias G20 summit delegation revealed,Russian President Vladimir Putin has approved the officials to represent Moscow at the upcoming G20 summit in South Africa Read Full Article,7,2.328571429,Kenya Star,en,RUSSIA | MOSCOW | SERGEY LAVROV,AFRICA,"['Reject proposal to meet, discuss, or negotiate', 'Engage in diplomatic cooperation, not specified below', 'Praise or endorse', 'Express intent to meet or negotiate']",
https://www.kyivpost.com/post/61530,2025-10-06,Blacklisted Russian Cargo Plane Lands in South Africa,SEC,,RUS | ZAF,RUS | AFR,SF,,,,2025-10-06,Blacklisted Russian Cargo Plane Lands in South Africa,"The blacklisted plane, which belongs to Abakan Air, a Russian airline sanctioned for moving Russian military cargo, was spotted in Johannesburg after departing Iran.",5,3.9,Kyiv Post,,THE UN | RUSSIA | SOUTH AFRICAN,RUSSIAN | RUSSIA | AFRICA,"['Express intent to meet or negotiate', 'Engage in diplomatic cooperation, not specified below']",Leo Chiu
https://www.theweek.in/news/world/2025/10/06/russian-cargo-plane-blacklisted-by-us-lands-in-south-africa-could-strain-pretorias-relations-with-washington.html,2025-10-06,Russian cargo plane blacklisted by US lands in South Africa; could it strain Pretoria-Washington relations?- The Week,DIP,,AFR | RUS,RUS | AFR | ZAF,SF,,,"russian cargo plane south africa, us sanctions, abakan air, johannesburg, blacklisted aircraft, ilyushin il-76, south africa russia relations, agoa, diplomatic controversy, lady r incident, us treasury ofac, international relations, foreign operator permit, ukraine war, trump administration, south africa transport department, western dominance, russia-ukraine war, us-south africa relations, trade implications, donald trump, civilian helicopters, acrobatic aeroplanes",2025-10-06,Russian cargo plane blacklisted by US lands in South Africa; could it strain Pretoria-Washington relations?- The Week,A blacklisted Russian cargo plane landed in South Africa last week. The incident has sparked concerns that it could strain the country's relations with the United States,5,-1.46,The Week,en,AFRICA | RUSSIAN | RUSSIA,RUSSIAN | AFRICA | PRETORIA,"['Host a visit', 'Make a visit', 'Reduce relations, not specified below']",
https://www.timesnownews.com/world/putin-netanyahu-hold-phone-call-to-discuss-gaza-strategy-and-iran-nuclear-threat-article-152952503,2025-10-06,"Putin, Netanyahu Hold Phone Call to Discuss Gaza Strategy and Iran Nuclear Threat | World News - Times Now",DIP,,RUS,ISR,EG,,,"vladimir putin,donald trumps gaza,benjamin netanyahu,putin,netanyahu,rt news,iran,syria,hamas,gaza,russia,israel,donald trumps,trumps,rubio,marco rubio,truth social,trump,fox news,middle east,hostages,egypt,explained, World News, Times Now",2025-10-06,"Putin, Netanyahu Hold Phone Call to Discuss Gaza Strategy and Iran Nuclear Threat | World News - Times Now","Russian President Vladimir Putin and Israeli Prime Minister Benjamin Netanyahu held a phone call Monday to discuss the situation in the Middle East., World News, Times Now",1,1.0,Times Now,en,VLADIMIR PUTIN,ISRAELI,['Discuss by telephone'],
https://www.ibtimes.co.uk/blacklisted-russian-cargo-plane-was-just-allowed-land-africa-reason-why-revealed-1746589,2025-10-06,"A Blacklisted Russian Cargo Plane Was Just Allowed to Land in Africa: The Reason Why, Revealed | IBTimes UK",DIP,,RUS,USA,SF,,,,2025-10-06,"A Blacklisted Russian Cargo Plane Was Just Allowed to Land in Africa: The Reason Why, Revealed | IBTimes UK","A US-blacklisted Russian cargo plane landed in South Africa, prompting trade concerns, diplomatic tension, and speculation",1,-4.0,International Business Times UK,en,RUSSIAN,UNITED STATES,"['Reduce relations, not specified below']",
http://www.sierraleonetimes.com/news/278674845/russia-g20-summit-delegation-revealed,2025-10-05,Russia's G20 summit delegation revealed,DIP,,RUS,AFR,SF,,,Russian President Vladimir Putin has approved the officials to represent Moscow at the upcoming G20 summit in South Africa Read Full Article at RT.com,2025-10-05,Russia's G20 summit delegation revealed,Russian President Vladimir Putin has approved the officials to represent Moscow at the upcoming G20 summit in South Africa Read Full Article at RT.com,6,2.216666667,Sierra Leone Times,en,RUSSIA | MOSCOW | SERGEY LAVROV,AFRICA,"['Reject proposal to meet, discuss, or negotiate', 'Engage in diplomatic cooperation, not specified below', 'Praise or endorse', 'Express intent to meet or negotiate']",
https://thebftonline.com/2025/10/04/michealina-dankwa-wins-miss-africa-russia-crown-2/,2025-10-05,Michealina Dankwa wins Miss Africa-Russia crown - The Business & Financial Times,DIP,,AFR,RUS,GH,,,,2025-10-05,Michealina Dankwa wins Miss Africa-Russia crown - The Business & Financial Times,"By Kestér Kenn KLOMEGÂH In a heavily contested Miss Africa-Russia competition, held late September, 2025, Michealina Mary Stampoulous Dankwa, a 28 year-old Ghanaian emerged as the winner. She, however, attributed her spectacular victory to the strong encouragement, support and contributions offered by the Ghanaian community in the Russian Federation. With high excitement and gratitude, Michealina […]",1,2.8,The Business & Financial Times,en-GB,AFRICA,RUSSIA,['Host a visit'],Francis
http://www.europesun.com/news/278616411/rajya-sabha-deputy-chairman-meets-south-africa-national-assembly-speaker,2025-10-04,Rajya Sabha Deputy Chairman meets South Africa's National Assembly Speaker,DIP,,AFR | RUS,RUS | AFR,SF,,,"sabha, chairman, his meeting, russia, bilateral, didiza, meeting, nations, and the",2025-10-04,Rajya Sabha Deputy Chairman meets South Africa's National Assembly Speaker,"Rajya Sabha Vice Chairman Harivansh Narayan Singh met South Africa's National Assembly speaker Thoko Didiza and held bilateral talks with her in Cape Town on Friday (local time). Apart from meeting Didiza, Singh also held bilateral meeting with Omid Nouripour, who is the Vice President of Germany's Federal Parliament, Bundestag. Earlier, Singh held a series of bilateral meetings with presiding officers from the Parliaments of Russia, Germany, Italy, and host South Africa on the sidelines of the 11th G20 Parliamentary Speakers' Summit (P20) in Kleinmond, South Africa. According to the Office of the Deputy Chairman, Rajya Sabha, ""These meetings focused on strengthening bilateral parliamentary cooperation, and presenting India's perspective on trade partnerships, technology, and sustainable development. ""In his meetings with various delegations, the Deputy Chairman also recalled the recent engagements with the Indian delegation comprising MPs who travelled to these nations to put forth India's stance on cross-border terrorism following the Pahalgam terror attack and Operation Sindoor,"" the statement added. In his meeting with Konstantin Kosachev, Deputy Speaker of the Federation Council of Russia, he recalled various productive engagements between the two nations and long-standing partnerships in key sectors.In his meeting with Omid Nouripur, Vice President of the Bundestag (Lower house of the German Parliament), Singh underlined the potential for more co-operation between the leading democracies and the successful engagement on trade and sustainable development partnership. The Deputy Chairman also sought Germany's support towards the conclusion of the India-EU Free Trade Agreement negotiations. The bilateral trade between the two nations on goods and services has crossed USD 50 billion. Germany also has a 'Skilled Labour Strategy' that focuses on facilitating avenues for Indian professionals to come to Germany. Singh also interacted with the Speaker of the National Assembly of South Africa, Thoko Didiza and recalled the historic and strong bilateral ties between the two nations with a common outlook towards upholding international fairness, justice, and the collective interest of developing countries. India is among the top three trading partners of South Africa. (ANI)",8,4.3375,Europe Sun,en,AFRICA | RUSSIA,RUSSIA | AFRICA,"['Consult, not specified below', 'Make a visit', 'Engage in negotiation', 'Host a visit']",
https://aninews.in/news/world/asia/rajya-sabha-dy-chairman-harivansh-holds-key-bilateral-meetings-at-p20-summit20251003195937/,2025-10-03,Rajya Sabha Dy Chairman Harivansh holds key bilateral meetings at P20 Summit,DIP,,RUS | ZAF,AFR | ZAF | RUS,SF,,,"Rajya Sabha, Harivansh, Russia, Italy, South Africa, G20, P20, Kleinmond, South Africa",2025-10-03,Rajya Sabha Dy Chairman Harivansh holds key bilateral meetings at P20 Summit,"The Deputy Chairman of the Rajya Sabha, Harivansh, held a series of bilateral meetings with Presiding officers from the Parliaments of Russia, Germany, Italy, and host South Africa on the sidelines of the 11th G20 Parliamentary Speakers' Summit (P20) in Kleinmond, South Africa.",5,4.6,ANI News,en,RUSSIA | CAPE TOWN,AFRICA | CAPE TOWN | RUSSIA,"['Engage in negotiation', 'Consult, not specified below']",
https://news.webindia123.com/news/Articles/World/20251003/4368553.html,2025-10-03,Rajya Sabha Dy Chairman Harivansh holds key bilateral meetings at P20 Summit,DIP,,AFR | RUS,RUS | AFR,SF,,,"Rajya, Sabha, Dy, Chairman, Harivansh, holds, key, bilateral, meetings, at, P20, Summit, news,  news india",2025-10-03,Rajya Sabha Dy Chairman Harivansh holds key bilateral meetings at P20 Summit,"Rajya Sabha Deputy Chairman Harivansh, held a series of bilateral meetings with Presiding officers from the Parliaments of Russia, Germany, Italy, and host South Africa on the sidelines of the 11th G20 Parliamentary Speakers' Summit (P20) in Kleinmond, South Africa.",3,2.733333333,,,AFRICA | RUSSIA,RUSSIA | AFRICA,"['Make a visit', 'Engage in diplomatic cooperation, not specified below', 'Host a visit']",
https://www.ghanaweb.com/GhanaHomePage/business/Ghana-better-without-a-floating-nuclear-power-plant-Dr-Yamoah-2003520,10/3/2025,Ghana better without a floating nuclear power plant - Dr YamoahExecutive Director of Nuclear Power Ghana dismisses proposals to introduce Russia's FNPP technology,ECON,,GHA,RUS,GH,,,,2025-10-03,Ghana better without a floating nuclear power plant - Dr Yamoah,Executive Director of Nuclear Power Ghana dismisses proposals to introduce Russia's FNPP technology,1.0,3.0,GhanaWeb,en,GHANA,RUSSIA,['USE UNCONVENTIONAL MASS VIOLENCE'],
https://nairobiwire.com/2025/10/kenyan-rescued-russian-army-human-trafficking.html,10/2/2025,Fourth Kenyan Rescued From Russian Army as Human Trafficking Probe WidensKenya has rescued a fourth citizen irregularly conscripted into the Russian army,SEC,,KEN | RUS,RUS,KE,,,,2025-10-02,Fourth Kenyan Rescued From Russian Army as Human Trafficking Probe Widens,Kenya has rescued a fourth citizen irregularly conscripted into the Russian army,5.0,4.02,Nairobi Wire,en-US,POLICE | GOVERNMENT | KENYAN | RUSSIA,RUSSIA | RUSSIAN | MOSCOW | POLICE,[],Richard Kamau
https://allafrica.com/stories/202510020239.html,10/2/2025,"Uganda, Russia Move to Further Deepen Ties At 3rd Intergovernmental CommissionThird Intergovernmental Commission on October 7-8, 2025",DIP,,RUS | UGA,UGA | RUS,UG,,,"Africa, news, politics, economy, trade, business, sports, current events, travel, Uganda, East Africa, External Relations, Europe and Africa",2025-10-02,"Uganda, Russia Move to Further Deepen Ties At 3rd Intergovernmental Commission","Third Intergovernmental Commission on October 7-8, 2025",7.0,3.685714286,allAfrica.com,en,RUSSIA | RUSSIAN FEDERATION | UGANDA,UGANDA | RUSSIAN FEDERATION,"['USE UNCONVENTIONAL MASS VIOLENCE', 'THREATEN']",
http://www.bignewsnetwork.com/news/278613976/im-a-converted-guy-already-lawmakers-from-africa-find-warmth-in-siberia,10/2/2025,I'm a converted guy already': Lawmakers from Africa find warmth in SiberiaGhanaian MPs visit Russia,DIP,,GHA,RUS,GH,,,Ghanaian MPs share their impressions about Russia and the relations between the two countries Read Full Article at RT.com,2025-10-02,I'm a converted guy already': Lawmakers from Africa find warmth in Siberia,Ghanaian MPs visit Russia,6.0,1.583333333,Big News Network.com,en,GHANA | GOVERNMENT,RUSSIA | MOSCOW,['DEMAND'],
https://chimpreports.com/uganda-russia-eye-aviation-cooperation-ahead-of-intergovernmental-commission-meeting/,10/1/2025,Uganda-Russia eye aviation cooperationAviation sector discussions,ECON,,UGA,RUS,UG,,,,2025-10-01,Uganda-Russia eye aviation cooperation,Aviation sector discussions,1.0,3.0,,,UGANDA,RUSSIA,['USE UNCONVENTIONAL MASS VIOLENCE'],
https://www.marketscreener.com/news/france-s-orano-says-1-500-tons-uranium-stockpiled-at-seized-niger-site-ce7d5bd8dc80ff2d,9/30/2025,"France's Orano says 1,500 tons uranium stockpiled at seized Niger siteFrench nuclear group Orano has 1,500 metric tons of uranium at expropriated SOMAIR mine in Niger",ECON,,RUS,NER,NG,,,Markets,2025-09-30,"France's Orano says 1,500 tons uranium stockpiled at seized Niger site","French nuclear group Orano has 1,500 metric tons of uranium at expropriated SOMAIR mine in Niger",4.0,-4.6,MarketScreener,en-US,RUSSIAN | RUSSIA,NIGER,"['Accuse, not specified below', 'Mobilize or increase armed forces']",Reuters
https://www.ecofinagency.com/news-industry/3009-49106-ethiopia-signs-nuclear-deal-with-rosatom-to-reduce-hydro-reliance,9/30/2025,Ethiopia signs nuclear deal with RosatomEthiopia signs nuclear deal with Russia's Rosatom,ECON,,RUS,,ET,,,,2025-09-30,Ethiopia signs nuclear deal with Rosatom,Ethiopia signs nuclear deal with Russia's Rosatom,2.0,8.0,,,RUSSIA,,[],
https://www.tanzanianewsreports.com/prime-minister-abiy-engages-in-comprehensive-talks-with-president-putin-on-nuclear-and-defense-cooperation/,9/30/2025,PM Abiy comprehensive talks with Putin on nuclear and defenseEthiopia-Russia nuclear and defense cooperation,SEC,,RUS,RUS,ET,,,,2025-09-30,PM Abiy comprehensive talks with Putin on nuclear and defense,Ethiopia-Russia nuclear and defense cooperation,1.0,7.0,,,MOSCOW,VLADIMIR PUTIN,[],
https://www.kenyans.co.ke/news/116675-court-bars-dci-accessing-records-ex-kdf-officers-recruited-fight-russia,9/30/2025,Court bars DCI accessing records of ex-KDF officers recruited to fight in RussiaCourt blocks investigation,SEC,,RUS,RUS,KE,,,,2025-09-30,Court bars DCI accessing records of ex-KDF officers recruited to fight in Russia,Court blocks investigation,9.0,-0.6444444444,,,POLICE | DETECTIVE | HOSPITAL | RUSSIA | RUSSIAN,RUSSIA | RUSSIAN | POLICE | DETECTIVE,"['Use conventional military force, not specified below']",
https://bulawayo24.com/index-id-news-sc-national-byo-257952.html,9/30/2025,Zimbabwe to sue LithuaniaZimbabwe suing Lithuania over fire tenders,DIP,,RUS | ZWE,ZWE | RUS,ZI,,,"Bulawayo24,BYO24, Bulawayo24 News, Todays news,breaking news,latest news,news latest breaking stories, online news, world news,Bulawayo news,Zimbabwe news,Africa news, local news, celebrity news, todays sport news, todays travel news,,Lithuania,Court,Belarus",2025-09-30,Zimbabwe to sue Lithuania,Zimbabwe suing Lithuania over fire tenders,4.0,2.5,Bulawayo24 News,,RUSSIA | RUSSIAN | ZIMBABWE,ZIMBABWE | RUSSIA,"['Disapprove, not specified below']",eDuzeNet
https://defenceweb.co.za/aerospace/aerospace-aerospace/blacklisted-russian-il-76-carried-non-military-cargo-to-upington/,2025-09-29,Blacklisted Russian Il-76 carried non-military cargo to Upington - defenceWeb,SEC,,AFR | RUS,RUS | AFR,SF,,,,2025-09-29,Blacklisted Russian Il-76 carried non-military cargo to Upington - defenceWeb,"An Abakan Air Il-76 transport aircraft that arrived in Upington last week was carrying general non-military cargo, including civilian helicopters and",3,2.5,defenceWeb,en-ZA,AFRICA | RUSSIA,RUSSIA | AFRICA,"['Host a visit', 'Make a visit']",
http://www.bignewsnetwork.com/news/278607340/egypt-to-complete-first-nuclear-plant-by-2029-minister,9/29/2025,Egypt to complete first nuclear plant by 2029 ministerEgypt is aiming to finish construction of all four units at the El Dabaa Nuclear Power Plant by 2029,ECON,,EGY | ETH | RUS,RUS | ETH,EG | GH | ET,,,"electricity, moscow, mahmoud, russian, additional, rosatom, building, first, reactors",2025-09-29,Egypt to complete first nuclear plant by 2029 minister,Egypt is aiming to finish construction of all four units at the El Dabaa Nuclear Power Plant by 2029,5.0,6.2,Big News Network.com,en,EGYPT | ETHIOPIAN | VLADIMIR PUTIN,MOSCOW | VLADIMIR PUTIN | ETHIOPIAN,['USE UNCONVENTIONAL MASS VIOLENCE'],
https://www.ghanaweb.com/GhanaHomePage/business/Russia-Ghana-to-explore-floating-nuclear-power-deal-2002852,9/29/2025,"Russia, Ghana to explore floating nuclear power dealGhana could soon become the first African country to benefit from Russia's Floating Nuclear Power Unit (FPU) technology, following ongoing talks between the Russian State Atomic Energy Corporation (Rosatom) and Ghanaian authorities",ECON,,RUS,GHA,GH,,,,2025-09-29,"Russia, Ghana to explore floating nuclear power deal","Ghana could soon become the first African country to benefit from Russia's Floating Nuclear Power Unit (FPU) technology, following ongoing talks between the Russian State Atomic Energy Corporation (Rosatom) and Ghanaian authorities",2.0,3.5,GhanaWeb,en,RUSSIA,GHANA,[],
"http://www.businessghana.com/site/news/politics/335382/-Russia,-Ethiopia-sign-document-calling-for-construction-of-nuclear-plant",9/29/2025,"Russia, Ethiopia sign document calling for construction of nuclear plantRussia and Ethiopia signed document for nuclear plant construction",ECON,,ETH | RUS,RUS | ETH,ET | NG,,,,2025-09-29,"Russia, Ethiopia sign document calling for construction of nuclear plant",Russia and Ethiopia signed document for nuclear plant construction,5.0,6.0,,,ETHIOPIA | RUSSIA,RUSSIA | ETHIOPIA,['USE UNCONVENTIONAL MASS VIOLENCE'],
https://www.globalsecurity.org/wmd/library/news/russia/2025/09/russia-250925-kremlin02.htm,9/29/2025,Meeting with Prime Minister of Ethiopia Abiy AhmedPutin meets Ethiopian PM,DIP,,RUS,RUS,ET,,,"WMD,library,news,russia,2025,September",2025-09-29,Meeting with Prime Minister of Ethiopia Abiy Ahmed,Putin meets Ethiopian PM,4.0,1.675,,,PRIME MINISTER | KAZAN | VLADIMIR PUTIN,KAZAN | VLADIMIR PUTIN | PRIME MINISTER,[],John Pike
https://www.esi-africa.com/news/ethiopia-nuclear-power-plant-ambition-gets-russian-impetus/,9/29/2025,Ethiopia nuclear power plant ambition gets Russian impetusEthiopia's nuclear ambitions with Russia,ECON,,ETH | RUS,RUS | ETH,ET,,,,2025-09-29,Ethiopia nuclear power plant ambition gets Russian impetus,Ethiopia's nuclear ambitions with Russia,4.0,7.0,,,ETHIOPIAN | ETHIOPIA | RUSSIAN | RUSSIA,RUSSIAN | RUSSIA | ETHIOPIAN | ETHIOPIA,[],
https://www.garoweonline.com/en/world/africa/kenya-rescues-20-people-set-for-trafficking-to-russia,9/29/2025,Kenya rescues 20 people set for trafficking to RussiaKenya rescues 20 people set for trafficking to Russia,SEC,,KEN,RUS,KE,,,,2025-09-29,Kenya rescues 20 people set for trafficking to Russia,Kenya rescues 20 people set for trafficking to Russia,5.0,0.44,Garowe Online,en,KENYA | KENYAN,RUSSIA | RUSSIAN,['Fight with small arms and light weapons'],
https://nairobiwire.com/2025/09/russian-citizen-arrest-nairobi-human-trafficking.html,9/29/2025,Russian Embassy Denies Arrest of Citizen in Nairobi Human Trafficking CaseRussian Embassy denies arrest in human trafficking probe,SEC,,RUS,,KE,,,,2025-09-29,Russian Embassy Denies Arrest of Citizen in Nairobi Human Trafficking Case,Russian Embassy denies arrest in human trafficking probe,2.0,0.5,Nairobi Wire,en-US,RUSSIAN,POLICE,"['Arrest, detain, or charge with legal action']",Richard Kamau
https://www.the-star.co.ke/news/2025-09-28-puzzle-of-kenyans-in-russia-ukraine-war-deepens-as-embassy-issues-denial-pg11-lead-1,9/29/2025,Puzzle of Kenyans in Russia-Ukraine war deepensKenya-Russia human trafficking investigation,SEC,,KEN,RUS,KE,,,,2025-09-29,Puzzle of Kenyans in Russia-Ukraine war deepens,Kenya-Russia human trafficking investigation,2.0,0.0,,,KENYA,RUSSIA,['DEMAND'],
https://charter97.org/en/news/2025/9/29/657490/,9/29/2025,Russia's African Corps Failed In Its Mission After Prigozhin's DeathJuntas began looking to Americans and French for help,SEC,,RUS,RUS,ML,,,,2025-09-29,Russia's African Corps Failed In Its Mission After Prigozhin's Death,Juntas began looking to Americans and French for help,2.0,1.5,,en,DEFENSE CONTRACTOR | RUSSIA,RUSSIA,"['DEMAND', 'USE UNCONVENTIONAL MASS VIOLENCE']",
https://www.hindustantimes.com/world-news/russias-ambitious-plans-in-africa-are-unraveling-101759122645730.html,9/29/2025,Russia's Ambitious Plans in Africa Are UnravelingRussia struggling to maintain footprint on the continent,DIP,,RUS,FRA,ML,,,"Russia,Wagner Group,Africa Corps,Mali,Sahel",2025-09-29,Russia's Ambitious Plans in Africa Are Unraveling,Russia struggling to maintain footprint on the continent,2.0,3.4,Hindustan Times,en,RUSSIA,FRANCE,[],
https://www.globalsecurity.org/wmd/library/news/egypt/egypt-250925-russia-mfa01.htm,9/29/2025,Lavrov meeting with Egypt Minister of Foreign Affairs Badr AbdelattyEgypt-Russia FM meeting,DIP,,,RUS,EG,,,"WMD,Library,News,Egypt",2025-09-29,Lavrov meeting with Egypt Minister of Foreign Affairs Badr Abdelatty,Egypt-Russia FM meeting,1.0,7.0,,,MINIST OF FOREIGN AFFAIRS,SERGEY LAVROV,[],John Pike
https://greekreporter.com/2025/09/28/russia-ethiopia-nuclear-power-plant/,9/28/2025,"Russia, Ethiopia Sign Accord to Develop Nuclear Power PlantRussia and Ethiopia signed a deal to plan a nuclear power plant, expanding Moscow's nuclear footprint in Africa",ECON,,ETH | RUS,RUS | ETH,ET | NG | EG,,,,2025-09-28,"Russia, Ethiopia Sign Accord to Develop Nuclear Power Plant","Russia and Ethiopia signed a deal to plan a nuclear power plant, expanding Moscow's nuclear footprint in Africa",7.0,8.0,GreekReporter.com,en-US,ETHIOPIA | RUSSIA,RUSSIA | ETHIOPIA,[],Nisha Zahid
https://www.ecofinagency.com/news/2809-49061-niger-plans-two-1-000-mw-nuclear-reactors-with-russia-as-partner,9/28/2025,"Niger plans two 1,000 MW nuclear reactors with Russia as partnerNiger-Russia nuclear reactor plans",ECON,,,,,,,,,"Niger plans two 1,000 MW nuclear reactors with Russia as partner",Niger-Russia nuclear reactor plans,,,,,,,,
https://www.standardmedia.co.ke/national/article/2001530537/russian-embassy-denies-deportation-of-citizen-linked-to-kenya-probe,9/28/2025,Russian embassy denies deportation of citizen linked to Kenya probeEmbassy denies deportation of businessman,SEC,,KEN | RUS,RUS | KEN,KE,,,"Russian EmbassyRussia-Ukraine War, Mikhail Lyapin",2025-09-28,Russian embassy denies deportation of citizen linked to Kenya probe,Embassy denies deportation of businessman,8.0,0.3875,The Standard,en,KENYAN | RUSSIAN | RUSSIA,RUSSIA | NATIONALS | CITIZEN | KENYAN | KENYA,"['REDUCE RELATIONS', 'Reject, not specified below', 'Arrest, detain, or charge with legal action']",Mate Tongola
https://www.capitalfm.co.ke/news/2025/09/russia-denies-arrest-of-citizen-linked-to-kenyan-recruits-for-ukraine-frontline/,9/28/2025,Russia denies arrest of citizen linked to Kenyan recruitsRussia denies arrest related to Kenya recruitment,SEC,,KEN | RUS,RUS | KEN,KE,,,,2025-09-28,Russia denies arrest of citizen linked to Kenyan recruits,Russia denies arrest related to Kenya recruitment,8.0,0.7125,,,POLICE | NAIROBI | RUSSIAN | RUSSIA | MOSCOW,RUSSIA | RUSSIAN | POLICE | KENYA,"['REDUCE RELATIONS', 'Arrest, detain, or charge with legal action', 'Accuse, not specified below']",
https://www.the-star.co.ke/news/2025-09-28-russia-denies-deportation-of-citizen-from-kenya,9/28/2025,Russian officials deny arrest and deportation of citizen from KenyaRussian Embassy dismisses reports as misleading,SEC,,KEN | RUS | UKR,RUS | UKR,KE,,,"Russian Embassy,Nairobi,Mikhail Lyapin,a Russian national,Directorate of Criminal Investigations (DCI),ukraine,syndicate,star news Kenya,the star",2025-09-28,Russian officials deny arrest and deportation of citizen from Kenya,Russian Embassy dismisses reports as misleading,5.0,-4.6,The Star,en,DIPLOMAT | KENYA | RUSSIA | UKRAINE,RUSSIA | RUSSIAN | UKRAINE,"['Expel or deport individuals', 'Use conventional military force, not specified below']",
https://www.kenyans.co.ke/news/116617-russian-govt-disowns-man-accused-recruiting-kenyans-fight-ukraine,9/28/2025,Russian govt disowns man accused of recruiting KenyansRussian government denies connection to recruitment,SEC,,RUS,RUS,KE,,,,2025-09-28,Russian govt disowns man accused of recruiting Kenyans,Russian government denies connection to recruitment,2.0,2.35,,,POLICE | RUSSIA,RUSSIA | POLICE,[],
https://www.globalsecurity.org/wmd/library/news/russia/2025/09/russia-250927-russia-mfa02.htm,9/28/2025,Lavrov meeting with Prime Minister of Sudan Kamil IdrisRussia-Sudan FM meeting,DIP,,RUS,RUS | SDN,SU,,,"WMD,library,news,russia,2025,September",2025-09-28,Lavrov meeting with Prime Minister of Sudan Kamil Idris,Russia-Sudan FM meeting,4.0,2.5,,,PRIME MINISTER | RUSSIA | RUSSIAN | SERGEY LAVROV,SERGEY LAVROV | SUDAN | SUDANESE | PRIME MINISTER,[],John Pike
https://www.globalsecurity.org/wmd/library/news/russia/2025/09/russia-250927-russia-mfa04.htm,9/28/2025,Lavrov meeting with Nigeria Minister of Foreign Affairs Yusuf Maitama TuggarRussia-Nigeria FM meeting,DIP,,NGA | RUS,RUS | NGA,NI,,,"WMD,library,news,russia,2025,September",2025-09-28,Lavrov meeting with Nigeria Minister of Foreign Affairs Yusuf Maitama Tuggar,Russia-Nigeria FM meeting,7.0,2.428571429,,,MINIST OF FOREIGN AFFAIRS | NIGERIA | RUSSIA | SERGEY LAVROV,SERGEY LAVROV | RUSSIA | NIGERIA | MINIST OF FOREIGN AFFAIRS,[],John Pike
https://www.globalsecurity.org/wmd/library/news/russia/2025/09/russia-250927-russia-mfa06.htm,9/28/2025,Lavrov meeting with Burundi Minister of Foreign Affairs Edouard BizimanaRussia-Burundi FM meeting,DIP,,RUS,,BY,,,"WMD,library,news,russia,2025,September",2025-09-28,Lavrov meeting with Burundi Minister of Foreign Affairs Edouard Bizimana,Russia-Burundi FM meeting,1.0,1.0,,,SERGEY LAVROV,MINIST OF FOREIGN AFFAIRS,[],John Pike
https://www.standardmedia.co.ke/national/article/2001530479/dogs-of-war-how-kenyans-are-lured-smuggled-into-russia,9/27/2025,"Dogs of war: How Kenyans are lured, smuggled into Russia25 men promised Sh250,000 salary for military service",SEC,,KEN,RUS,KE,,,"Human Trafficking SyndicateEdward Kamau Gituku, Mike Lyapin, Russia Trafficking Syndicate",2025-09-27,"Dogs of war: How Kenyans are lured, smuggled into Russia","25 men promised Sh250,000 salary for military service",1.0,-5.0,The Standard,en,KENYA,RUSSIA,"['Arrest, detain, or charge with legal action']",Standard Team
https://www.tuko.co.ke/kenya/604543-man-accused-kenyans-russian-army-defends-business-s-contracted-recruit/,9/27/2025,Man Accused of Taking Kenyans to Russian Army Defends BusinessEdward Gituku claims contract with Russian Army,SEC,,KEN | RUS,RUS | KEN | UKR,KE,,,,2025-09-27,Man Accused of Taking Kenyans to Russian Army Defends Business,Edward Gituku claims contract with Russian Army,6.0,-2.883333333,Tuko.co.ke - Kenya news.,en,DETECTIVE | KENYAN | RUSSIA | RUSSIAN,RUSSIA | DETECTIVE | KENYAN | KYIV,"['Arrest, detain, or charge with legal action', 'Accuse, not specified below', 'Use conventional military force, not specified below']",Kai Eli
https://www.premiumtimesng.com/opinion/824219-the-russians-are-closing-in-on-nigerias-borders-by-confidence-macharry.html,9/27/2025,The Russians are closing in on Nigeria's bordersBenin and Togo plan defence cooperation agreements with Russia,SEC,,BEN | NGA | RUS,RUS | NGA,NI | BN | TO,,,,2025-09-27,The Russians are closing in on Nigeria's borders,Benin and Togo plan defence cooperation agreements with Russia,8.0,-2.6,Premium Times Nigeria,en-GB,BENIN | ABUJA | RUSSIAN | RUSSIA,MOSCOW | RUSSIA | NIGERIA,"['REJECT', 'DEMAND', 'Impose administrative sanctions, not specified below']",Premium Times
https://tass.com/politics/2022131,9/27/2025,"Lavrov, Prime Minister of Sudan discuss military-political crisisNeed for swift end to armed conflict",DIP,,RUS,RUS,SU,,,,2025-09-27,"Lavrov, Prime Minister of Sudan discuss military-political crisis",Need for swift end to armed conflict,5.0,1.0,TASS,,PRIME MINISTER | SERGEY LAVROV,SERGEY LAVROV | PRIME MINISTER,[],
https://tass.com/politics/2022117,9/27/2025,"Lavrov, Burundian foreign minister reaffirm commitment to deepening dialogueStrengthening Russian-Burundian ties",DIP,,BDI | RUS,RUS | BDI,BY,,,,2025-09-27,"Lavrov, Burundian foreign minister reaffirm commitment to deepening dialogue",Strengthening Russian-Burundian ties,5.0,1.0,TASS,,BURUNDI | BURUNDIAN | RUSSIA | RUSSIAN,RUSSIA | RUSSIAN | BURUNDI | BURUNDIAN,[],
http://www.kenyastar.com/news/278602020/putin-meets-ethiopian-prime-minister,9/26/2025,Putin meets Ethiopian prime ministerEthiopia's prime minister seeks strategic alignment with Russia,DIP,,ETH | RUS,RUS | ETH,ET,,,"atomic, corporation rosatom, putin, power plant, relations, ethiopian, power, corporation, aleksey likhachev",2025-09-26,Putin meets Ethiopian prime minister,Ethiopia's prime minister seeks strategic alignment with Russia,6.0,5.45,Kenya Star,en,ETHIOPIAN | KAZAN | VLADIMIR PUTIN,KAZAN | VLADIMIR PUTIN | ETHIOPIAN,[],
https://www.dailydispatch.co.za/africa/2025-09-26-russia-ethiopia-sign-document-calling-for-construction-of-nuclear-plant/,9/26/2025,"Russia, Ethiopia sign document calling for construction of nuclear plantNuclear power plant planning and construction agreement",ECON,,ETH | RUS,RUS | ETH,ET | GH,,,"niger,rosatom,russia,reactors,african,ethiopia,ashebir balcha,ria,south africa,aleksei likhachev,ethiopian electric company,moscow,nigeria,un,https://www timeslive co za/news/south-africa/2025-09-25-eskom-says-nuclear-plant-is-safe-after-concerns-aired-about-koeberg/,kenya,morocco,algeria,rwanda,sudan,egypt,reuters,ghana,world nuclear association, eastern cape, dispatch live in eastern cape, Mthatha, news, sport, classifieds,lifestyle, east london",2025-09-26,"Russia, Ethiopia sign document calling for construction of nuclear plant",Nuclear power plant planning and construction agreement,5.0,6.0,Daily Dispatch,en-ZA,ETHIOPIA | RUSSIA,RUSSIA | ETHIOPIA,['USE UNCONVENTIONAL MASS VIOLENCE'],
https://www.indiatoday.in/world/story/russia-and-ethiopia-sign-action-plan-for-nuclear-power-plant-project-glbs-2793579-2025-09-26,9/26/2025,Russia and Ethiopia sign action plan for nuclear power plant projectNuclear power plant planning document signed,ECON,,ETH | RUS,RUS | ETH,ET | NG,,,"Russia, Ethiopia, Nuclear Power Plant",2025-09-26,Russia and Ethiopia sign action plan for nuclear power plant project,Nuclear power plant planning document signed,3.0,8.0,India Today,en,ETHIOPIA | RUSSIA,RUSSIA | ETHIOPIA,[],
https://www.myjoyonline.com/russia-ethiopia-sign-document-calling-for-construction-of-nuclear-plant/,9/26/2025,"Russia, Ethiopia sign document calling for construction of nuclear plantRussia-Ethiopia nuclear plant agreement",ECON,,RUS,ETH,ET,,,,2025-09-26,"Russia, Ethiopia sign document calling for construction of nuclear plant",Russia-Ethiopia nuclear plant agreement,2.0,3.0,MyJoyOnline,en-US,RUSSIA,ETHIOPIA,['USE UNCONVENTIONAL MASS VIOLENCE'],
https://www.africanews.com/2025/09/26/ethiopia-niger-plan-to-build-nuclear-plants-with-russias-rosatom/,9/26/2025,"Ethiopia, Niger plan to build nuclear plants with Russia's RosatomAnnouncements during nuclear energy forum in Moscow",ECON,,RUS,ETH,ET,,,,2025-09-26,"Ethiopia, Niger plan to build nuclear plants with Russia's Rosatom",Announcements during nuclear energy forum in Moscow,2.0,8.0,Africanews,en,RUSSIA,ETHIOPIA,[],AfricaNews
https://medafricatimes.com/42247-niger-plans-nuclear-partnership-with-russia.html,9/26/2025,Niger Plans Nuclear Partnership with RussiaNiger-Russia nuclear partnership,ECON,,NER,RUS,NG,,,,2025-09-26,Niger Plans Nuclear Partnership with Russia,Niger-Russia nuclear partnership,1.0,6.4,,en-US,NIGER,RUSSIA,[],
https://www.the-star.co.ke/news/2025-09-26-man-arrested-over-links-to-recruitment-of-kenyans-to-fight-in-russia,9/26/2025,Man arrested over links to recruitment of Kenyans to fight in RussiaSuspects being pursued in connection with syndicate,SEC,,,RUS,KE,,,"Uhuru Kenyatta,jubilee party,NDC,Kenyan News,Kenya,star news,the star newspaper,star news Kenya,the star",2025-09-26,Man arrested over links to recruitment of Kenyans to fight in Russia,Suspects being pursued in connection with syndicate,1.0,-5.0,The Star,en,POLICE,RUSSIAN,"['Arrest, detain, or charge with legal action']",
https://nairobiwire.com/2025/09/kenya-human-trafficking-russia-ukraine-war.html,9/26/2025,DCI Agents Bust Human Trafficking Ring Sending Kenyans to Russian WarfrontSecurity agencies bust human trafficking syndicate,SEC,,KEN | RUS,RUS | KEN,KE,,,,2025-09-26,DCI Agents Bust Human Trafficking Ring Sending Kenyans to Russian Warfront,Security agencies bust human trafficking syndicate,3.0,-0.1,Nairobi Wire,en-US,KENYAN | RUSSIA,RUSSIA | KENYAN | KENYA,"['Arrest, detain, or charge with legal action']",Richard Kamau
https://www.standardmedia.co.ke/national/article/2001530418/suspect-in-russia-war-recruitment-syndicate-arrested,9/26/2025,Suspect in Russia war recruitment syndicate arrestedDCI arrests suspected human trafficking mastermind,SEC,,KEN | RUS,RUS | KEN,KE,,,"Directorate of Criminal InvestigationsLuring Kenyans To Russia, Russia-Ukraine War, Kenyatta National Hospital",2025-09-26,Suspect in Russia war recruitment syndicate arrested,DCI arrests suspected human trafficking mastermind,4.0,2.35,The Standard,en,KENYAN | RUSSIA,RUSSIA | KENYAN,[],Lenox Sengre
https://allafrica.com/stories/202509260240.html,9/26/2025,Russia asks Central African Republic to replace Wagner with state-run Africa CorpsRussia demands CAR end Wagner relationship,SEC,,RUS,,ET,,,,2025-09-26,Russia asks Central African Republic to replace Wagner with state-run Africa Corps,Russia demands CAR end Wagner relationship,2.0,7.0,,,RUSSIA,,[],
https://northafricapost.com/90940-russia-multiplies-diplomatic-signs-in-favor-of-moroccos-position-on-sahara.html,9/26/2025,Russia multiplies diplomatic signs in favor of Morocco's position on SaharaRussia supports Morocco on Sahara issue,DIP,,RUS,MAR,MO | WI,,,,2025-09-26,Russia multiplies diplomatic signs in favor of Morocco's position on Sahara,Russia supports Morocco on Sahara issue,5.0,0.6,,en-US,RUSSIAN,UN ENVOY | WESTERN SAHARA,['DEMAND'],
https://tass.com/politics/2021515,9/26/2025,"Lavrov, South Sudan foreign minister discuss peaceful settlementReaffirmed importance of related efforts",DIP,,RUS | SSD,RUS | SSD,OD,,,,2025-09-26,"Lavrov, South Sudan foreign minister discuss peaceful settlement",Reaffirmed importance of related efforts,11.0,3.727272727,TASS,,DIPLOMAT | RUSSIA | RUSSIAN | SERGEY LAVROV | SOUTH SUDAN,RUSSIAN | RUSSIA | DIPLOMAT | SOUTH SUDAN | SERGEY LAVROV,[],
https://allafrica.com/stories/202509260072.html,9/26/2025,Rwanda: Why Rwanda Is Betting On Small Modular ReactorsRwanda turning to nuclear energy through SMRs,ECON,,RUS | RWA,RUS,RW,,,"Africa, news, politics, economy, trade, business, sports, current events, travel, Energy, East Africa, Governance, Economy, Business and Finance, Rwanda, Central Africa",2025-09-26,Rwanda: Why Rwanda Is Betting On Small Modular Reactors,Rwanda turning to nuclear energy through SMRs,8.0,3.75,allAfrica.com,en,CORPORATION | RUSSIA | RUSSIAN | RWANDA,RUSSIA | RUSSIAN | CORPORATION,['USE UNCONVENTIONAL MASS VIOLENCE'],
http://en.kremlin.ru/events/president/news/78072,9/25/2025,Meeting with Prime Minister of Ethiopia Abiy AhmedVladimir Putin met with Ethiopian Prime Minister Abiy Ahmed in the Kremlin,DIP,,RUS,RUS,ET,,,"News ,Transcripts ,President",2025-09-25,Meeting with Prime Minister of Ethiopia Abiy Ahmed,Vladimir Putin met with Ethiopian Prime Minister Abiy Ahmed in the Kremlin,4.0,2.35,President of Russia,en,KAZAN | RUSSIAN | RUSSIA,KAZAN | RUSSIA | RUSSIAN,[],
https://www.aa.com.tr/en/world/russia-ethiopia-sign-action-plan-on-nuclear-power-project/3699303,9/25/2025,"Russia, Ethiopia sign action plan on nuclear power projectRosatom and Ethiopian Electric Power Corporation cooperation",ECON,,ETH | RUS,RUS | ETH,ET,,,"Ethiopia,nuclear power plant,Rosatom,Russia,Anadolu Ajansı",2025-09-25,"Russia, Ethiopia sign action plan on nuclear power project",Rosatom and Ethiopian Electric Power Corporation cooperation,3.0,5.333333333,,,ETHIOPIA | RUSSIA,RUSSIA | ETHIOPIA,[],
https://chimpreports.com/ethiopia-signs-nuclear-power-deal-with-russia/,9/25/2025,Ethiopia Signs Nuclear Power Deal with RussiaLandmark agreement to develop a nuclear power plant,ECON,,ETH | RUS,RUS,ET | SF,,,,2025-09-25,Ethiopia Signs Nuclear Power Deal with Russia,Landmark agreement to develop a nuclear power plant,2.0,4.0,ChimpReports,en-US,ETHIOPIA | RUSSIA,RUSSIA,['DEMAND'],Jackie Namatovu
https://www.capitalfm.co.ke/news/2025/09/police-unearths-syndicate-trafficking-kenyans-to-fight-in-russian-war-with-sh200000-pay/,9/25/2025,Police unearths syndicate trafficking Kenyans to fight in Russian warHuman trafficking syndicate investigation,SEC,,KEN | RUS,RUS | KEN,KE,,,,2025-09-25,Police unearths syndicate trafficking Kenyans to fight in Russian war,Human trafficking syndicate investigation,4.0,-0.625,,,INVESTIGATIVE AGENCY | NAIROBI | RUSSIA,RUSSIA | RUSSIAN | INVESTIGATIVE AGENCY | KENYA,"['Use conventional military force, not specified below']",
https://kahawatungu.com/police-rescue-21-men-headed-for-russia-to-join-war-against-ukraine/,9/25/2025,Police rescue 21 men headed for Russia to join war against UkraineRescue operation in Kenya,SEC,,KEN,RUS,KE,,,,2025-09-25,Police rescue 21 men headed for Russia to join war against Ukraine,Rescue operation in Kenya,2.0,4.65,Kahawatungu,en-US,POLICE | KENYAN,RUSSIA,[],KahawaTungu Reporter
https://www.the-star.co.ke/news/realtime/2025-09-25-atpu-rescues-over-20-men-from-human-trafficking,9/25/2025,ATPU night operation rescues over 20 men from human trafficking in Athi RiverVictims lured into paying for jobs abroad,SEC,,,RUS,KE,,,"human,trafficking,syndicate,Rescued,machakos,star news,the star newspaper,star news Kenya,the star",2025-09-25,ATPU night operation rescues over 20 men from human trafficking in Athi River,Victims lured into paying for jobs abroad,1.0,1.9,The Star,en,DETECTIVE,RUSSIA,[],
https://www.standardmedia.co.ke/national/article/2001530388/dci-busts-human-trafficking-ring-sending-citizens-to-russian-war-front,9/25/2025,"Unknown key figures behind Russia trafficking syndicate, DCI revealsVictims pay between Sh1.65-2.31 million",SEC,,RUS,RUS | KEN,KE,,,"Human Trafficking SyndicateKenyans Fight Russia War, Ukraine War, Jobs Scam",2025-09-25,"Unknown key figures behind Russia trafficking syndicate, DCI reveals",Victims pay between Sh1.65-2.31 million,3.0,2.5,The Standard,en,DETECTIVE | RUSSIA,RUSSIA | DETECTIVE | KENYA,[],Mate Tongola
https://www.esi-africa.com/news/nuclear-energy-reactor-pressure-vessels-headed-to-egypt/,9/25/2025,Nuclear energy reactor pressure vessels headed to EgyptEgypt nuclear equipment delivery,ECON,,RUS,,SF,,,,2025-09-25,Nuclear energy reactor pressure vessels headed to Egypt,Egypt nuclear equipment delivery,1.0,3.4,,,RUSSIA,CORPORATION,[],
https://www.moroccoworldnews.com/2025/09/260612/unga-bourita-holds-key-talks-with-russian-counterpart-ahead-of-moscows-unsc-presidency/,9/25/2025,UNGA: Bourita Holds Key Talks with Russian CounterpartMorocco-Russia FM meeting at UN,DIP,,MAR | RUS,RUS | MAR,MO | WI,,,,2025-09-25,UNGA: Bourita Holds Key Talks with Russian Counterpart,Morocco-Russia FM meeting at UN,4.0,1.425,Morocco World News,en-US,MOROCCO | RUSSIA,RUSSIA | WESTERN SAHARA | MOROCCO,['DEMAND'],Issam Toutate
https://www.al-monitor.com/originals/2025/09/sudan-russia-sign-trade-deals-khartoum-seeks-funds-moscow-eyes-red-sea-port,9/25/2025,"Sudan, Russia sign trade dealsSudan-Russia trade agreements",ECON,,SDN,RUS,DJ,,,,2025-09-25,"Sudan, Russia sign trade deals",Sudan-Russia trade agreements,1.0,7.4,,,SUDAN,MOSCOW,[],
http://www.bignewsnetwork.com/news/278599794/lavrov-discusses-closer-ties-with-sahel-states,9/25/2025,"Lavrov discusses closer ties with Sahel statesRussian FM met with Burkina Faso, Mali, and Niger officials",DIP,,BFA | MLI | NER | RUS,RUS | BFA | MLI | NER,ML,,,"summit, the sidelines, sahel, general assembly, cooperation and, burkina, third, sidelines, talks",2025-09-25,Lavrov discusses closer ties with Sahel states,"Russian FM met with Burkina Faso, Mali, and Niger officials",12.0,7.0,Big News Network.com,en,BURKINABE | BURKINA FASO | MALIAN | NIGER | NIGERIEN,RUSSIA | MOSCOW | BURKINABE | BURKINA FASO | MALIAN,[],
https://thebftonline.com/2025/09/24/ghana-welcomes-initiatives-deepening-insights-into-russias-public-diplomacy/,9/25/2025,Ghana welcomes initiatives deepening insights into Russia's public diplomacyRussia-Ghana public diplomacy,DIP,,GHA | RUS,RUS | GHA,GH,,,,2025-09-25,Ghana welcomes initiatives deepening insights into Russia's public diplomacy,Russia-Ghana public diplomacy,2.0,3.7,,,GHANA | RUSSIA,RUSSIA | GHANA,[],
https://www.premiumtimesng.com/news/top-news/823338-nigeria-education-ministrys-website-hacked-to-endorse-controversial-russian-programme-official.html,9/24/2025,Nigeria education ministry's website hacked to endorse controversial Russian programmeWebsite hacking to promote Russian program,INFO,,NGA | RUS,RUS | NGA,NI,,,,2025-09-24,Nigeria education ministry's website hacked to endorse controversial Russian programme,Website hacking to promote Russian program,13.0,2.223076923,Premium Times Nigeria,en-GB,MINIST OF EDUCATION | NIGERIA | NIGERIAN | RUSSIA,RUSSIA | RUSSIAN | NIGERIA | NIGERIAN,"['DEMAND', 'USE UNCONVENTIONAL MASS VIOLENCE']",Beloved John
https://www.kyivpost.com/post/60695,9/23/2025,Kenyan Athlete 'Press-Ganged' Into Russian Army Surrenders to Ukraine36-year-old Evans Kibet captured near Vovchansk,SEC,,RUS,,KE,,,,2025-09-23,Kenyan Athlete 'Press-Ganged' Into Russian Army Surrenders to Ukraine,36-year-old Evans Kibet captured near Vovchansk,1.0,-5.0,Kyiv Post,,MOSCOW,CITIZEN,['Demand release of persons or property'],Kyiv Post
https://tass.com/economy/2020125,9/23/2025,Rusal may participate in reconstruction of aluminum smelter in EgyptRusal technical expertise for Egyptian smelter,ECON,,RUS,EGY,EG,,,,2025-09-23,Rusal may participate in reconstruction of aluminum smelter in Egypt,Rusal technical expertise for Egyptian smelter,1.0,7.0,TASS,,RUSSIA,EGYPT,[],
https://thebftonline.com/2025/09/19/russian-investors-supporting-zimbabwes-economic-growth/,9/23/2025,Russian investors supporting Zimbabwe's economic growthRussia-Zimbabwe economic partnership,ECON,,RUS | ZWE,AFR | RUS,ZI,,,,2025-09-23,Russian investors supporting Zimbabwe's economic growth,Russia-Zimbabwe economic partnership,2.0,2.5,The Business & Financial Times,en-GB,RUSSIA | ZIMBABWE,AFRICA | RUSSIA,['DEMAND'],Juliet Etefe
https://www.newzimbabwe.com/alabuga-migrant-battalion-in-zimbabwe-mothers-left-behind-narrate-ordeal/,9/23/2025,Alabuga migrant battalion in ZimbabweZimbabwe Alabuga recruitment concerns,SEC,,,RUS,ZI,,,,2025-09-23,Alabuga migrant battalion in Zimbabwe,Zimbabwe Alabuga recruitment concerns,1.0,1.9,,,,RUSSIA,[],
https://www.opinionnigeria.com/russias-public-diplomacy-aims-at-strengthening-cultural-relations-and-changing-perceptions-in-africa-by-kester-kenn-klomegah/,9/23/2025,Russia's Public Diplomacy Aims at Strengthening Cultural RelationsAnalysis of Russia's cultural initiatives,INFO,,RUS,GHA,GH,,,,2025-09-23,Russia's Public Diplomacy Aims at Strengthening Cultural Relations,Analysis of Russia's cultural initiatives,3.0,5.133333333,Opinion Nigeria,en-US,RUSSIA | RUSSIAN,GHANA | STATE DUMA,[],Opinion Nigeria
https://northafricapost.com/90782-kenyan-govt-probes-alleged-trafficking-of-citizens-to-join-russias-war-in-ukraine.html,9/22/2025,Kenyan gov't probes alleged trafficking of citizens to join Russia's warKenya trafficking investigation,SEC,,KEN,RUS,SL | TS,,,,2025-09-22,Kenyan gov't probes alleged trafficking of citizens to join Russia's war,Kenya trafficking investigation,2.0,7.0,,en-US,KENYAN,RUSSIA,[],
https://www.kenyan-post.com/2025/09/ukrainian-government-breaks-silence-on.html,9/22/2025,Ukrainian Government breaks silence on fate of EVANS KIBETKenyan soldier detained by Ukraine,SEC,,KEN,RUS,KE,,,,2025-09-22,Ukrainian Government breaks silence on fate of EVANS KIBET,Kenyan soldier detained by Ukraine,2.0,1.9,,,KENYA,RUSSIA,[],
https://www.eurasiareview.com/22092025-russian-mercenaries-failure-in-mali-sparks-resentment/,9/22/2025,Russian Mercenaries' Failure In Mali Sparks ResentmentDisastrous impact in 3.5 years of operations,SEC,,MLI | RUS,RUS | MLI,ML,,,,2025-09-22,Russian Mercenaries' Failure In Mali Sparks Resentment,Disastrous impact in 3.5 years of operations,5.0,-5.2,Eurasia Review,en-US,MALIAN | RUSSIAN,RUSSIAN | MALIAN,"['Use conventional military force, not specified below', 'Accuse, not specified below']",
https://www.premiumtimesng.com/news/headlines/822859-the-global-threat-of-russias-alabuga-recruitment-in-africa.html,9/22/2025,The global threat of Russia's Alabuga recruitment in AfricaAlabuga program concerns,SEC,,KEN,RUS,KE,,,,2025-09-22,The global threat of Russia's Alabuga recruitment in Africa,Alabuga program concerns,1.0,3.4,,,KENYA,RUSSIA,[],
https://www.premiumtimesng.com/news/headlines/822796-investigation-road-to-alabuga-shady-recruitment-of-young-nigerian-women-to-russia.html,9/22/2025,INVESTIGATION: Road to Alabuga: Shady recruitment of young Nigerian womenNigeria's education ministry website hacked for Alabuga advert,SEC,,NGA,RUS,NI,,,,2025-09-22,INVESTIGATION: Road to Alabuga: Shady recruitment of young Nigerian women,Nigeria's education ministry website hacked for Alabuga advert,3.0,4.0,Premium Times Nigeria,en-GB,MINIST OF FOREIGN AFFAIRS | NIGERIA,RUSSIA,[],Beloved John
https://insiderzim.com/russia-eyes-zimbabwes-agricultural-sector/,9/22/2025,Russia eyes Zimbabwe's agricultural sectorRussia-Zimbabwe agricultural cooperation,ECON,,RUS,EUR,ZI,,,,2025-09-22,Russia eyes Zimbabwe's agricultural sector,Russia-Zimbabwe agricultural cooperation,2.0,4.15,,,RUSSIA,THE EU | JOURNALIST,[],
https://www.premiumtimesng.com/news/top-news/822911-alabuga-migrant-battalion-in-zimbabwe-mothers-left-behind-narrate-ordeal.html,9/22/2025,Alabuga migrant battalion in Zimbabwe: mothers left behind narrate ordealAlabuga program in Zimbabwe,SEC,,,RUS,ZI,,,,2025-09-22,Alabuga migrant battalion in Zimbabwe: mothers left behind narrate ordeal,Alabuga program in Zimbabwe,1.0,1.9,,,,RUSSIA,[],
https://www.premiumtimesng.com/investigationspecial-reports/822924-alabuga-migrant-battalion-kenyas-govt-encourages-migration.html,9/22/2025,Alabuga migrant battalion: Kenya's govt encourages migrationKenya Alabuga investigation,SEC,,KEN | RUS,RUS | KEN,ZI | KE,,,,2025-09-22,Alabuga migrant battalion: Kenya's govt encourages migration,Kenya Alabuga investigation,3.0,5.8,,,KENYAN | RUSSIAN,RUSSIA | KENYAN,[],
https://nairobiwire.com/2025/09/kenyan-athlete-forced-into-russian-army-captured-in-ukraine.html,9/19/2025,"I Was Deceived"": Kenyan Tourist Forced into Russian Army Speaks Out""Kenyan athlete tricked into signing military papers in Russia",SEC,,UKR,RUS,KE,,,,2025-09-19,"I Was Deceived"": Kenyan Tourist Forced into Russian Army Speaks Out""",Kenyan athlete tricked into signing military papers in Russia,1.0,-10.0,Nairobi Wire,en-US,UKRAINIAN,RUSSIA,"['Use conventional military force, not specified below']",Richard Kamau
https://www.moroccoworldnews.com/2025/09/259883/un-envoy-de-mistura-continues-tour-with-stop-in-moscow-to-advance-sahara-process/,9/19/2025,UN Envoy de Mistura Continues Tour with Stop in MoscowUN Sahara envoy visits Moscow,DIP,,DZA | RUS,RUS | DZA,AG | MO,,,,2025-09-19,UN Envoy de Mistura Continues Tour with Stop in Moscow,UN Sahara envoy visits Moscow,5.0,2.2,Morocco World News,en-US,ALGERIAN | RUSSIAN | MOSCOW,MOSCOW | DEPUTY | ALGERIAN,[],Firdaous Naim
http://www.bignewsnetwork.com/news/278587818/russia-thanks-african-nation-for-participation-in-military-drills,9/19/2025,Russia thanks African nation for participation in military drillsNigeria observed joint Russia-Belarus military drills,SEC,,NGA | RUS,RUS | NGA,NI,,,"level, the zapad, moscow, general, haram, military, drills, exercises, nigeria",2025-09-19,Russia thanks African nation for participation in military drills,Nigeria observed joint Russia-Belarus military drills,2.0,-7.2,Big News Network.com,en,NIGERIA | RUSSIAN,RUSSIA | NIGERIA,"['Demonstrate military or police power, not specified below']",
https://www.eurasiareview.com/19092025-mnangagwa-expresses-gratitude-for-russias-economic-presence-in-zimbabwe-oped/,9/19/2025,"Mnangagwa Expresses Gratitude For Russia's Economic PresenceRussia remains strong, trusted partner",ECON,,RUS,AFR,ZI,,,,2025-09-19,Mnangagwa Expresses Gratitude For Russia's Economic Presence,"Russia remains strong, trusted partner",1.0,5.0,Eurasia Review,en-US,RUSSIA,AFRICA,[],
https://www.egyptindependent.com/pm-egypt-russia-discuss-ways-to-advance-joint-cooperation/,9/18/2025,"Egypt, Russia discuss ways to advance joint cooperationEgypt-Russia bilateral discussions",DIP,,EGY,RUS,EG,,,,2025-09-18,"Egypt, Russia discuss ways to advance joint cooperation",Egypt-Russia bilateral discussions,3.0,3.5,,,EGYPT | PRIME MINISTER,RUSSIAN FEDERATION | RUSSIA,[],
https://sputnikglobe.com/20250917/russia-effectively-creating-new-industry-in-egypt---deputy-prime-minister-1122799319.html,9/17/2025,Russia Effectively Creating New Industry in EgyptEl Dabaa nuclear power plant and Russian industrial zone,ECON,,EGY | RUS,RUS | EGY,EG,,,"russian industry, russia partner, russia-egypt cooperation, nuclear power plant, nuclear cooperation, nuclear energy, russian technology",2025-09-17,Russia Effectively Creating New Industry in Egypt,El Dabaa nuclear power plant and Russian industrial zone,7.0,4.428571429,Sputnik International,en,EGYPTIAN | RUSSIAN | RUSSIA,RUSSIAN | EGYPTIAN | EGYPT,[],
http://www.bignewsnetwork.com/news/278583159/egypt-grants-unique-terms-to-russian-companies,9/17/2025,Egypt grants 'unique' terms to Russian companiesCustoms and tax regime guarantees for Russian companies,ECON,,EGY | RUS,RUS | EGY,EG,,,"Agreement guarantees customs and tax regime for the full period, Russian official has said Read Full Article at RT.com",2025-09-17,Egypt grants 'unique' terms to Russian companies,Customs and tax regime guarantees for Russian companies,2.0,4.0,Big News Network.com,en,EGYPT | RUSSIAN,RUSSIAN | EGYPT,[],
https://www.opinionnigeria.com/russia-broadening-its-economic-presence-in-zimbabwe-by-kester-kenn-klomegah/,9/17/2025,Russia Broadening its Economic Presence in ZimbabweAnalysis of Russia-Zimbabwe relations,ECON,,RUS,AFR,ZI,,,,2025-09-17,Russia Broadening its Economic Presence in Zimbabwe,Analysis of Russia-Zimbabwe relations,1.0,5.0,Opinion Nigeria,en-US,RUSSIA,AFRICA,[],Opinion Nigeria
https://allafrica.com/stories/202509170081.html,9/17/2025,Cameroon cooperation discussionsMany individuals left for Russia for military-adjacent fields,SEC,,NGA | RUS,RUS | NGA,NI,,,"Africa, news, politics, economy, trade, business, sports, current events, travel, Company News, West Africa, Economy, Business and Finance, Nigeria",2024-09-17,Cameroon cooperation discussions,Many individuals left for Russia for military-adjacent fields,9.0,6.666666667,allAfrica.com,en,NIGERIAN | NIGERIA | RUSSIAN | RUSSIA,RUSSIAN | NIGERIAN | NIGERIA,"['Reduce relations, not specified below']",
https://warontherocks.com/2025/09/russia-is-shrewdly-playing-the-long-game-in-africa/,9/17/2025,Russia is shrewdly playing the long game in AfricaStrategic analysis,SEC,,BEN | BFA | CMR | MLI | NER | RUS | TGO,RUS | BFA | CMR | MLI | NER,ML | TO | CM,,,,2025-09-17,Russia is shrewdly playing the long game in Africa,Strategic analysis,14.0,2.542857143,,,BENIN | BURKINA FASO | CAMEROON | MALI | NIGER,RUSSIAN | RUSSIA | BURKINA FASO | CAMEROON | MALI,['USE UNCONVENTIONAL MASS VIOLENCE'],
https://allafrica.com/stories/202509170335.html,9/17/2025,"Zimbabwe: Zim's UN Security Council Bid Gets Major BoostZimbabwe's bid for a non-permanent seat on the United Nations Security Council for 2027-2028 has gained significant momentum following strong support from progressive nations, including China, Russia, India and Palestine.",DIP,,RUS,ZWE,ZI,,,,2025-09-17,Zimbabwe: Zim's UN Security Council Bid Gets Major Boost,"Zimbabwe's bid for a non-permanent seat on the United Nations Security Council for 2027-2028 has gained significant momentum following strong support from progressive nations, including China, Russia, India and Palestine.",2.0,3.4,,,RUSSIAN,ZIMBABWE,[],
https://tass.com/economy/2017439,9/16/2025,Russia's GC NPS to offer Egypt its services in developing ports and airportsMemorandum of understanding with Egypt railways and tunnels agency,ECON,,EGY | RUS,RUS | EGY,EG,,,,2025-09-16,Russia's GC NPS to offer Egypt its services in developing ports and airports,Memorandum of understanding with Egypt railways and tunnels agency,4.0,2.35,TASS,,EGYPT | RUSSIA,RUSSIAN | RUSSIA | EGYPT,[],
https://thezimbabwemail.com/news/southern-africa/russias-kamaz-mulls-setting-up-truck-production-in-mozambique-report/,9/16/2025,Russia's Kamaz truck production in MozambiqueKamaz assembly plant plans for Mozambique,ECON,,MOZ | RUS,RUS | MOZ,MZ,,,,2025-09-16,Russia's Kamaz truck production in Mozambique,Kamaz assembly plant plans for Mozambique,2.0,2.35,The Zimbabwe Mail - The Zimbabwe News Daily,en-US,MOZAMBIQUE | RUSSIAN FEDERATION,RUSSIAN FEDERATION | MOZAMBIQUE,[],Staff Reporter
https://www.eurasiareview.com/15092025-arms-race-in-the-sahel-oped/,9/15/2025,Arms Race In The SahelDramatic changes in Sahel's strategic orientation,SEC,,BFA | MLI | NER | RUS,RUS | BFA | MLI | NER,UV | ML | NG | SU,,,,2025-09-15,Arms Race In The Sahel,Dramatic changes in Sahel's strategic orientation,14.0,5.178571429,Eurasia Review,en-US,BURKINA FASO | MALI | NIGER | RUSSIAN | RUSSIA,RUSSIAN | RUSSIA | VLADIMIR PUTIN | BURKINA FASO | MALI,[],
https://dailynews.co.tz/russias-golden-scholarship-offer-beckons-tanzanian-students/,9/15/2025,Russia's golden scholarship offer beckons Tanzanian studentsRussian government scholarship opportunity for Tanzania,ECON,,RUS | TZA,TZA | RUS,TZ,,,,2025-09-15,Russia's golden scholarship offer beckons Tanzanian students,Russian government scholarship opportunity for Tanzania,5.0,5.2,Daily News - Tanzania Standard Newspapers,en-US,RUSSIA | MOSCOW | TANZANIAN,TANZANIAN | RUSSIA | MOSCOW,"['Disapprove, not specified below']",Esther Takwa
https://www.premiumtimesng.com/news/headlines/821152-alabuga-migrant-battalion-uganda-is-trafficking-station.html,9/15/2025,Alabuga migrant battalion: Uganda is trafficking stationUganda Alabuga concerns,SEC,,AFR | RUS | UGA,RUS | AFR | UGA,UG,,,,2025-09-15,Alabuga migrant battalion: Uganda is trafficking station,Uganda Alabuga concerns,14.0,-2.457142857,,,AFRICA | PRESIDENT | RUSSIA | RUSSIAN | UGANDA,RUSSIA | AFRICA | PRESIDENT | UGANDAN | UGANDA,"['Employ aerial weapons', 'USE UNCONVENTIONAL MASS VIOLENCE', 'Criticize or denounce', 'Physically assault, not specified below', 'DEMAND']",
https://www.premiumtimesng.com/news/headlines/821161-alabuga-migrant-battalion-malawis-16-unseen-girls.html,9/15/2025,Alabuga migrant battalion: Malawi's 16 unseen girlsMalawi Alabuga cases,SEC,,MWI | RUS,RUS,MI,,,,2025-09-15,Alabuga migrant battalion: Malawi's 16 unseen girls,Malawi Alabuga cases,7.0,3.242857143,,,STUDENT | MALAWI | MALAWIAN | RUSSIA | RUSSIAN,RUSSIA | RUSSIAN | MOSCOW | STUDENT,"['Threaten, not specified below']",
https://observer.ug/news/61742/,9/12/2025,"Museveni unveils firefighting vehicle to US, RussiaPresident Museveni unveiled firefighting vehicle",ECON,,RUS | UGA,UGA | RUS,UG,,,,2025-09-12,"Museveni unveils firefighting vehicle to US, Russia",President Museveni unveiled firefighting vehicle,3.0,-10.0,The Observer,en-US,RUSSIA | YOWERI KAGUTA MUSEVENI | MUSEVENI,YOWERI KAGUTA MUSEVENI | RUSSIA,"['Use conventional military force, not specified below']",URN
https://www.defenceweb.co.za/land/land-land/what-next-for-mali-as-wagner-fails-to-defeat-insurgents/,9/12/2025,What next for Mali as Wagner fails to defeat insurgents?Analysis of Wagner operations in Mali,SEC,,,RUS,SF,,,,2025-09-12,What next for Mali as Wagner fails to defeat insurgents?,Analysis of Wagner operations in Mali,1.0,-0.4,defenceWeb,en-ZA,GOVERNMENT,RUSSIA,['REJECT'],
https://dailynews.co.tz/russia-eyes-mtwara-port-for-cashew-imports-trade-boost/,9/11/2025,"Russia eyes Mtwara Port for cashew imports, trade boostRussian interest in using Tanzania's Mtwara Port",ECON,,RUS | TZA,RUS | TZA,TZ,,,,2025-09-11,"Russia eyes Mtwara Port for cashew imports, trade boost",Russian interest in using Tanzania's Mtwara Port,9.0,3.511111111,Daily News - Tanzania Standard Newspapers,en-US,AMBASSADOR | RUSSIAN | RUSSIA | TANZANIA,RUSSIA | TANZANIA | GOVERNMENT | RUSSIAN,[],Anne Robi
https://www.dailymaverick.co.za/article/2025-09-11-sa-rebukes-russia-for-killing-24-ukrainian-pensioners-in-an-indiscriminate-airstrike/,9/11/2025,SA rebukes Russia for killing Ukrainian pensionersSA condemns Russian airstrike,DIP,,AFR,RUS,SF,,,,2025-09-11,SA rebukes Russia for killing Ukrainian pensioners,SA condemns Russian airstrike,1.0,-2.0,,,AFRICA,RUSSIA,['Complain officially'],
https://www.myjoyonline.com/ghana-russia-center-and-ukhta-state-technical-university-sign-historic-partnership/,9/11/2025,Ghana-Russia Center and Ukhta State Technical University partnershipEducational cooperation agreement,DIP,,GHA,RUS,GH,,,,2025-09-11,Ghana-Russia Center and Ukhta State Technical University partnership,Educational cooperation agreement,2.0,8.0,MyJoyOnline,en-US,GHANA,RUSSIA,[],
https://www.namibian.com.na/ium-launches-second-russian-language-course-attracting-over-460-namibian-students/,9/11/2025,IUM launches second Russian language course460+ Namibian students learning Russian,DIP,,NAM,RUS,WA,,,,2025-09-11,IUM launches second Russian language course,460+ Namibian students learning Russian,1.0,1.0,,,NAMIBIAN,RUSSIAN,[],
https://northafricapost.com/90438-morocco-russia-discuss-strategic-partnership.html,9/10/2025,Morocco & Russia discuss strategic partnershipMorocco-Russia partnership discussions,DIP,,MAR | RUS,RUS | MAR,MO,,,,2025-09-10,Morocco & Russia discuss strategic partnership,Morocco-Russia partnership discussions,2.0,1.0,,en-US,MOROCCO | RUSSIA,RUSSIA | MOROCCO,[],
https://www.africa-newsroom.com/press/moroccan-foreign-minister-fm-holds-telephone-conversation-with-russian-peer,9/10/2025,Moroccan FM telephone conversation with Russian peerMorocco-Russia diplomatic contact,DIP,,MAR,RUS,MO,,,,2025-09-10,Moroccan FM telephone conversation with Russian peer,Morocco-Russia diplomatic contact,1.0,3.0,,,RABAT,RUSSIA,['USE UNCONVENTIONAL MASS VIOLENCE'],
https://www.newsghana.com.gh/african-designers-showcase-continental-fashion-power-in-moscow/,9/10/2025,African Designers Showcase Continental Fashion Power in Moscow15 African nations at Moscow Fashion Week,INFO,,RUS,AFR,SF,,,,2025-09-10,African Designers Showcase Continental Fashion Power in Moscow,15 African nations at Moscow Fashion Week,1.0,2.8,,en-US,RUSSIA,AFRICA,[],
https://www.liberianobserver.com/news/women/ukraine-s-special-services-on-the-frontline-of-pr-warfare-alabuga-start-as-a-target/article_7cb6ee5d-2794-4080-b6ef-862d2520a96a.html,9/10/2025,Ukraine's special services on frontline of PR warfare: Alabuga Start as targetUkraine counter-narrative efforts,INFO,,SOM,RUS,SO,,,,2025-09-10,Ukraine's special services on frontline of PR warfare: Alabuga Start as target,Ukraine counter-narrative efforts,1.0,1.9,,,SOMALI,RUSSIA,[],
https://www.moroccoworldnews.com/2025/09/258607/moroccos-fm-russian-counterpart-lavrov-advance-strategic-partnership/,9/9/2025,"Morocco's FM, Russian Counterpart Lavrov Advance Strategic PartnershipBourita-Lavrov telephone conversation",DIP,,MAR,RUS,MO,,,,2025-09-09,"Morocco's FM, Russian Counterpart Lavrov Advance Strategic Partnership",Bourita-Lavrov telephone conversation,3.0,4.633333333,Morocco World News,en-US,KING | MOROCCO | MAROC,MOSCOW | RUSSIA,[],Adil Faouzi
https://tass.com/economy/2014169,9/8/2025,Algerian Energy Minister invites Russian companies to cooperate in mining sectorStrategic partnership between Algeria and Russia,ECON,,DZA | RUS,RUS | DZA,AG,,,,2025-09-08,Algerian Energy Minister invites Russian companies to cooperate in mining sector,Strategic partnership between Algeria and Russia,5.0,4.48,TASS,,ALGERIAN | ALGERIA | MINIST | RUSSIA,RUSSIAN | RUSSIA | ALGERIA,[],
https://www.cameroon-tribune.cm/article.html/72683/fr.html/uganda-car-soldiers-get,9/8/2025,Uganda : CAR Soldiers To Get TrainingSix months of training for CAR soldiers,SEC,,RUS,CAF,CT,,,,2025-09-08,Uganda : CAR Soldiers To Get Training,Six months of training for CAR soldiers,1.0,8.3,,fr,RUSSIA,CENTRAL AFRICAN,[],
https://www.premiumtimesng.com/investigationspecial-reports/819568-migrant-battalion-looking-for-oceanne-in-cameroon.html,9/8/2025,Migrant Battalion: Looking for Oceanne in CameroonAlabuga recruitment in Cameroon,SEC,,CMR | RUS,RUS | CMR,CM,,,,2025-09-08,Migrant Battalion: Looking for Oceanne in Cameroon,Alabuga recruitment in Cameroon,9.0,3.788888889,,,CAMEROON | RUSSIA,RUSSIA | CAMEROON,[],
https://www.premiumtimesng.com/investigationspecial-reports/819574-alabuga-migrant-battalion-zambias-first-contact.html,9/8/2025,Alabuga Migrant Battalion: Zambia's first contactAlabuga program in Zambia,SEC,,RUS | ZMB,RUS | CMR,ZA | CM,,,,2025-09-08,Alabuga Migrant Battalion: Zambia's first contact,Alabuga program in Zambia,6.0,2.9,,,RUSSIA | ZAMBIAN | ZAMBIA,RUSSIA | CAMEROON,"['DEMAND', 'EXHIBIT FORCE POSTURE']",
https://www.premiumtimesng.com/investigationspecial-reports/819561-investigation-russias-alabuga-scandal-in-the-great-lakes-caught-in-the-snow.html,9/8/2025,Investigation: Russia's Alabuga scandal in the Great LakesAlabuga recruitment investigation,SEC,,BDI | RUS | RWA,RUS | BDI,BY | RW,,,,2025-09-08,Investigation: Russia's Alabuga scandal in the Great Lakes,Alabuga recruitment investigation,4.0,1.175,,,BURUNDI | RUSSIA | RWANDA,RUSSIA | BURUNDI,['DEMAND'],
https://www.globalsecurity.org/wmd/library/news/libya/2025/libya-250905-sputnik01.htm,9/6/2025,Russia's Belousov Meets With Libya's Chief of General Staff HaftarRussia-Libya military meeting,SEC,,LBY | RUS,RUS | LBY,LY,,,"WMD,Library,News,Libya",2025-09-06,Russia's Belousov Meets With Libya's Chief of General Staff Haftar,Russia-Libya military meeting,12.0,1.8,,,LIBYA | LIBYAN | RUSSIAN | RUSSIA | MOSCOW,RUSSIAN | RUSSIA | LIBYA | LIBYAN | ARMY,[],John Pike
https://sputnikglobe.com/20250905/russias-belousov-meets-with-lybias-chief-of-general-staff-haftar-1122737090.html,9/5/2025,Russia's Belousov Meets With Libya's Chief of General Staff HaftarRussian Defense Minister met with Khaled Haftar,SEC,,LBY | RUS,RUS | LBY,LY,,,"russian defense minister andrei belousov, libyan national army, khaled haftar, saddam haftar, russian defense ministry, global stability, russian-libyan relations, north africa, military cooperation, defense capabilities, libyan national army deputy commander, diplomatic talks, russian minister",2025-09-05,Russia's Belousov Meets With Libya's Chief of General Staff Haftar,Russian Defense Minister met with Khaled Haftar,6.0,1.0,Sputnik International,en,LIBYA | LIBYAN | RUSSIAN,RUSSIAN | RUSSIA | LIBYA | LIBYAN,[],
https://www.africanews.com/2025/09/05/uganda-to-train-central-african-republic-armed-forces/,9/5/2025,Uganda to train Central African Republic armed forcesUganda training CAR forces,SEC,,RUS,CAF,CT,,,,2025-09-05,Uganda to train Central African Republic armed forces,Uganda training CAR forces,1.0,8.3,Africanews,en,RUSSIA,CENTRAL AFRICAN,[],AfricaNews
https://www.businessincameroon.com/public-management/0509-14969-russian-wheat-exports-to-cameroon-double-in-q1-2025-despite-sanctions,9/5/2025,"Russian wheat exports to Cameroon double in Q1 2025Russia delivered 50,000 tons of wheat to Cameroon",ECON,,CMR | RUS,RUS | CMR,CM,,,"wheat, tons, russian, russia, million, 000, global, cameroon",2025-09-05,Russian wheat exports to Cameroon double in Q1 2025,"Russia delivered 50,000 tons of wheat to Cameroon",3.0,6.733333333,Business in Cameroon,en-gb,CAMEROON | RUSSIAN,RUSSIA | CAMEROON,[],"Business in Cameroon, Economie, Banking, Energy, Comms, Media, Law, Insurance, Public management, Tourism"
https://www.gov.za/news/media-statements/defence-joint-brics-military-exercise-05-sep-2025,9/5/2025,Defence on joint BRICS military exerciseSouth Africa postponing joint naval exercise with Russia and China,SEC,,AFR | RUS,RUS | AFR,SF,,,"Official South African Government Information and Services website, President Cyril Ramaphosa, Deputy President Paul Mashatile, Minister John Steenhuisen, Minister Siviwe Gwarube, Minister Solly Malatsi, Minister Velinkosi Hlabisa, Minister Pieter Groenewald, Minister Angie Motshekga, Minister Kgosientsho Ramokgopa, Minister Nomakhosazana Meth, Minister Enoch Godongwana, Minister Dion George, Minister Aaron Motsoaledi, Minister Nobuhle Nkabane, Minister Leon Schreiber, Minister Thembisile Simelane, Minister Ronald Lamola, Minister Mmamoloko Kubayi, Minister Mzwanele Nyhontso, Minister Gwede Mantashe, Minister Maropene Ramokgopa, Minister Senzo Mchunu, Minister Khumbudzo Ntshavheni, Minister Inkosi Mzamo Buthelezi, Minister Dean Macpherson, Minister Blade Nzimande, Minister Stella Ndabeni-Abrahams, Minister Sisisi Tolashe, Minister Gayton McKenzie, Minister Patricia de Lille, Minister Parks Tau, Minister Barbara Creecy, Minister Pemmy Majodina, Minister Sindisiwe Chikunga",2025-09-05,Defence on joint BRICS military exercise,South Africa postponing joint naval exercise with Russia and China,4.0,7.4,,en,AFRICA | RUSSIA,RUSSIA | AFRICA,[],
https://www.jacarandafm.com/news/news/sa-requests-china-postpone-brics-naval-exercise/,9/5/2025,SA requests China postpone BRICS naval exerciseNaval exercise postponement,SEC,,CHN,RUS,SF,,,,2025-09-05,SA requests China postpone BRICS naval exercise,Naval exercise postponement,1.0,7.4,,,CHINA,RUSSIA,[],
https://reviewnepal.com/global/south-africa-asks-china-to-postpone-naval-exercises-that-coincide-with-possible-trump-trip-for-g20.html,9/5/2025,South Africa asks China to postpone naval exercises with RussiaG20-related postponement,DIP,,AFR,RUS,SF,,,"Nepal, Kathmandu, Kathmandu Nepal, Nepal news, news of Nepal, Nepali news,Nepali, Nepalese, Hindu, Review Nepal, Review, Nepal review, Himalayan, Nepali Congress, CPN UML, Maoist, parties, Nepal government, government of Nepal, Pashupati, Lumbini, Sagarmatha, Mount everest",2025-09-05,South Africa asks China to postpone naval exercises with Russia,G20-related postponement,1.0,-4.0,Review Nepal News,en,AFRICA,RUSSIAN,"['Reduce relations, not specified below']",Review Nepal
https://www.africa-newsroom.com/press/africa-shapes-fashions-future-at-the-brics-fashion-summit-in-moscow,9/5/2025,Africa shapes fashion's future at BRICS Fashion SummitAfrican fashion in Moscow,INFO,,AFR,RUS,EG,,,,2025-09-05,Africa shapes fashion's future at BRICS Fashion Summit,African fashion in Moscow,1.0,7.0,,,AFRICA,MOSCOW,[],
https://northafricapost.com/90292-after-russia-china-snubs-algeria-on-victory-day.html,9/4/2025,"After Russia, China snubs Algeria on Victory DayAlgeria diplomatic snub",DIP,,RUS,DZA,EG | ET,,,,2025-09-04,"After Russia, China snubs Algeria on Victory Day",Algeria diplomatic snub,2.0,-2.0,,en-US,RUSSIA,ALGERIA,['Criticize or denounce'],
https://www.winnipegfreepress.com/world/2025/09/04/south-africa-asks-china-to-postpone-naval-exercises-that-coincide-with-possible-trump-trip-for-g20,9/4/2025,South Africa-China-Russia naval exercise postponementDiplomatic scheduling conflict,DIP,,AFR,RUS,SF,,,,2025-09-04,South Africa-China-Russia naval exercise postponement,Diplomatic scheduling conflict,1.0,-4.0,Winnipeg Free Press,en-US,AFRICA,RUSSIAN,"['Reduce relations, not specified below']",
https://www.citizen.co.za/lifestyle/fashion-and-beauty/arts-and-culture-department-wants-brics-fashion-summit-return-sa/,9/4/2025,Arts Department wants BRICS Fashion Summit in SAFuture summit plans,INFO,,RUS,,SF,,,,2025-09-04,Arts Department wants BRICS Fashion Summit in SA,Future summit plans,1.0,1.0,,,RUSSIA,,[],
https://northafricapost.com/90243-wagners-long-shadow-mali-reels-from-mercenary-legacy-of-violence-and-failure.html,9/3/2025,Wagner's long shadow: Mali reels from mercenary legacyMali Wagner legacy,SEC,,MLI,RUS,ML,,,,2025-09-03,Wagner's long shadow: Mali reels from mercenary legacy,Mali Wagner legacy,2.0,-7.2,,en-US,MALI,RUSSIAN,['Mobilize or increase armed forces'],
http://www.zimbabwestar.com/news/278547499/south-africa-calling-for-immediate-ceasefire-in-war-torn-sudan,9/2/2025,South Africa calling for immediate ceasefire in SudanSouth Africa diplomatic position on Sudan,DIP,,RUS | SDN,SDN | RUS,SU,,,"south, calls for, sudanese, inclusive dialogue, ceasefire, immediate ceasefire, peaceful, civilian, since april",2025-09-02,South Africa calling for immediate ceasefire in Sudan,South Africa diplomatic position on Sudan,4.0,1.0,Zimbabwe Star,en,RUSSIAN | SUDAN,SUDAN | RUSSIAN,[],
https://www.citizen.co.za/entertainment/celebrity-news/im-worried-about-the-kids-cyan-boujee-speaks-on-alabuga-school-and-her-experience/,9/2/2025,Cyan Boujee speaks on Alabuga school experienceSA influencer's Alabuga experience,INFO,,RUS | ZAF,AFR | RUS,SF,,,,2025-09-02,Cyan Boujee speaks on Alabuga school experience,SA influencer's Alabuga experience,4.0,-1.5,,,RUSSIA | RUSSIAN | SOUTH AFRICAN,AFRICA | RUSSIA,"['DEMAND', 'Accuse, not specified below']",
https://www.newsghana.com.gh/ghanaian-fashion-executive-represents-africa-at-moscow-summit/,9/2/2025,Ghanaian fashion executive represents Africa at Moscow summitGhana representation,INFO,,RUS,BRA,GH,,,,2025-09-02,Ghanaian fashion executive represents Africa at Moscow summit,Ghana representation,1.0,-2.0,,,RUSSIAN,BRAZIL,['Criticize or denounce'],
https://www.lemonde.fr/en/le-monde-africa/article/2025/08/31/malian-refugee-women-recount-repeated-rapes-by-russian-mercenaries_6744907_124.html,8/31/2025,malian refugee women recount repeated rapes by russian mercenaries,SEC,9.0,MLI,RUS,MR,"['Malian', 'Russian', '2021', 'United Nations', 'International Federation for Human Rights', 'Malian', 'Russian']","['NORP', 'NORP', 'DATE', 'ORG', 'ORG', 'NORP', 'NORP']",,2025-08-31,Malian refugee women recount repeated rapes by Russian mercenaries,"Since 2021, several United Nations and International Federation for Human Rights reports have observed a rise in conflict-related sexual violence acts committed by Malian security forces and their Russian allies.",2.0,-9.0,Le Monde.fr,en,MALIAN,RUSSIAN,['Sexually assault'],
https://www.defenceweb.co.za/sea/sea-sea/sa-navy-chief-receives-russian-federation-medal/,8/28/2025,the medals row of sa navy (san) chief vice admiral monde lobese’s dress uniform has a new addition acknowledging his efforts at consolidating the russia/south,SEC,28.0,,RUS,SF,"['SA Navy', 'Russian', 'SA Navy', 'SAN', 'Monde Lobese']","['ORG', 'NORP', 'ORG', 'ORG', 'PERSON']",,2025-08-28,SA Navy Chief receives Russian Federation medal - defenceWeb,The medals row of SA Navy (SAN) Chief Vice Admiral Monde Lobese’s dress uniform has a new addition acknowledging his efforts at consolidating the Russia/South,1.0,3.5,defenceWeb,en-ZA,ADMIRAL,RUSSIA,[],
http://www.russiaherald.com/news/278538279/moscow-and-sahel-state-in-talks-to-open-direct-flights,8/28/2025,burkina faso’s envoy to russia has said the plan for a direct air link comes in response to growing bilateral ties in tourism and culture rea,ECON,27.0,BFA | RUS,RUS | BFA,UV | MO | EG | DJ,"['Moscow', 'Sahel', 'Burkina Faso’s', 'Russia', 'Rea']","['GPE', 'GPE', 'GPE', 'GPE', 'GPE']","launch direct, cooperation, flights between, orchestradirect flights, growing, moscow, and culture, between the, culture",2025-08-28,Moscow and Sahel state in talks to open direct flights,Burkina Faso’s envoy to Russia has said the plan for a direct air link comes in response to growing bilateral ties in tourism and culture Rea,8.0,2.2375,Russia Herald,en,BURKINA FASO | RUSSIAN | RUSSIA,RUSSIAN | BURKINA FASO,[],
https://metro.co.uk/2025/08/27/influencers-promoted-job-opportunities-women-led-putins-weapons-factories-24007680/,8/27/2025,south african influencers have been accused of promoting jobs linked to human trafficking inside russia's tatarstan.,SEC,20.0,RUS,AFR | RUS,SF,"['Putin', 'News World', 'Metro News', 'South African', 'Russia', 'Tatarstan']","['PERSON', 'ORG', 'ORG', 'NORP', 'GPE', 'GPE']","News,World,Russia,Russia-Ukraine war,South Africa",2025-08-27,Influencers 'promoted job opportunities for women that led to Putin's weapons factories' | News World | Metro News,South African influencers have been accused of promoting jobs linked to human trafficking inside Russia's Tatarstan.,3.0,0.0,Metro,en,RUSSIAN,AFRICA | RUSSIAN,['DEMAND'],
https://www.firstpost.com/world/niger-europe-visa-row-sahel-nation-limits-visa-access-for-nationals-of-5-european-countries-ws-e-13928453.html,8/27/2025,"niger restricts visa issuance for citizens of italy, the netherlands, germany, belgium and the united kingdom, escalating tensions with europe while deepening ties with russia and other non-western allies.",ECON,41.0,,RUS,NG,"['Niger', 'Sahel', '5', 'European', 'Firstpost', 'Niger', 'Italy', 'Netherlands', 'Germany', 'Belgium', 'the United Kingdom', 'Europe', 'Russia', 'non-Western']","['LOC', 'LOC', 'CARDINAL', 'NORP', 'ORG', 'ORG', 'GPE', 'GPE', 'GPE', 'GPE', 'GPE', 'LOC', 'GPE', 'NORP']","niger europe visa row,niger visa restrictions,sahel junta europe relations,niger coup 2023,niger russia ties,france niger tensions,schengen visa access niger,niger expels french ambassador,bakary yaou sangare visa policy,italy netherlands germany belgium uk visa restrictions,niger embassies geneva ankara moscow,reciprocal visa principle niger,niger west africa geopolitics,niger closer ties russia turkey iran china,european embassies niamey visa dispute",2025-08-27,Niger-Europe visa row: Sahel nation limits visa access for nationals of 5 European countries – Firstpost,"Niger restricts visa issuance for citizens of Italy, the Netherlands, Germany, Belgium and the United Kingdom, escalating tensions with Europe while deepening ties with Russia and other non-Western allies.",2.0,-2.0,Firstpost,en-us,JUNTA,RUSSIA,"['Disapprove, not specified below']",
https://www.dailymaverick.co.za/article/2025-08-27-russias-wagner-mercenary-group-has-failed-in-mali-says-the-sentry/,8/27/2025,Russia's Wagner mercenary group has failed in MaliWagner failure in Mali,SEC,,MLI | RUS,RUS | AFR,ML | AG,,,,2025-08-27,Russia's Wagner mercenary group has failed in Mali,Wagner failure in Mali,4.0,8.0,,,MALI | RUSSIA,RUSSIAN | RUSSIA | AFRICA,[],
https://www.thesouthafrican.com/lifestyle/russian-embassy-south-africa-alabuga-start-programme-cyan-boujee-latest/,8/27/2025,Russian Embassy South Africa Alabuga Start ProgrammeAlabuga program in South Africa,SEC,,RUS,AFR | RUS,SF,,,,2025-08-27,Russian Embassy South Africa Alabuga Start Programme,Alabuga program in South Africa,3.0,-0.6666666667,,,RUSSIAN,AFRICA | RUSSIA,"['DEMAND', 'Disapprove, not specified below']",
https://www.gq.co.za/style/style101/south-africa-to-attend-brics-fashion-summit-in-moscow-00f6d8b9-7bdd-42eb-a30a-c002bf4c44be,8/26/2025,"south africa to attend brics+ fashion summit in moscow the south african delegation will represent the country at the upcoming brics+ fashion summit, a major international platform shaping the future of the global fashion industry.",DIP,5.0,RUS,RUS,SF,"['South Africa', 'BRICS+ Fashion Summit', 'Moscow', 'South African', 'BRICS+ Fashion Summit']","['GPE', 'EVENT', 'GPE', 'GPE', 'EVENT']",,2025-08-25,South Africa to attend BRICS+ Fashion Summit in Moscow,"The South African Delegation will represent the country at the upcoming BRICS+ Fashion Summit, a major international platform shaping the future of the global fashion industry.",2.0,2.35,,en,RUSSIA,RUSSIA,[],
https://www.thesouthafrican.com/lifestyle/alabagu-start-programme-russia-influencer-cyan-boujee-human-trafficking/,8/26/2025,Alabagu Start Programme Russia influencerAlabuga program concerns in SA,SEC,,AFR | ZAF,RUS,SF,,,,2025-08-26,Alabagu Start Programme Russia influencer,Alabuga program concerns in SA,3.0,3.0,,,AFRICA | SOUTH AFRICAN,RUSSIA,"['Impose administrative sanctions, not specified below']",
https://thebftonline.com/2025/08/25/south-africa-to-attend-brics-fashion-summit-in-moscow/,8/26/2025,South Africa BRICS Fashion SummitSA participation in Moscow summit,INFO,,AFR | RUS,RUS,SF,,,,2025-08-26,South Africa BRICS Fashion Summit,SA participation in Moscow summit,4.0,1.675,,,AFRICA | RUSSIA,RUSSIA | MOSCOW,[],
https://tass.com/politics/2005389,8/25/2025,"russian permanent mission to un calls for checking kiev's subversive activities in africa - russian politics & diplomacy - tass the russian diplomat also said that weapons supplied to the kiev regime continue to be found in the possession of terrorists around the world, including cells of the islamic state",DIP,25.0,UKR,RUS,ML,"['Russian', 'UN', 'Kiev', 'Africa -  Russian', 'TASS', 'Russian', 'Kiev', 'the Islamic State']","['NORP', 'ORG', 'GPE', 'NORP', 'ORG', 'NORP', 'GPE', 'ORG']",,2025-08-20,Russian Permanent Mission to UN calls for checking Kiev's subversive activities in Africa -  Russian Politics & Diplomacy - TASS,"The Russian diplomat also said that weapons supplied to the Kiev regime continue to be found in the possession of terrorists around the world, including cells of the Islamic State",1.0,3.0,TASS,,UKRAINE,RUSSIA,['USE UNCONVENTIONAL MASS VIOLENCE'],
https://www.ecofinagency.com/news-industry/2508-48136-morocco-weighs-russian-offer-against-eu-rules-on-energy-cybersecurity,8/25/2025,Morocco weighs Russian offer against EU rules on energy cybersecurityMorocco considers Russian energy/cybersecurity cooperation,ECON,,RUS,,MO,,,,2025-08-25,Morocco weighs Russian offer against EU rules on energy cybersecurity,Morocco considers Russian energy/cybersecurity cooperation,1.0,-2.0,,,RUSSIA,,[],
https://www.thesouthafrican.com/lifestyle/influencer-cyan-boujee-alabuga-start-programme-human-trafficking-police-latest/,8/25/2025,Alabuga Start Programme human trafficking investigationSA investigation into Alabuga,SEC,,AFR | ZAF,RUS,SF,,,,2025-08-25,Alabuga Start Programme human trafficking investigation,SA investigation into Alabuga,3.0,1.0,,,AFRICA | POLICE | SOUTH AFRICAN,RUSSIA,"['DEMAND', 'USE UNCONVENTIONAL MASS VIOLENCE']",
https://www.sanews.gov.za/south-africa/dirco-warns-youth-unverified-foreign-job-offers-promoted-influencers,8/25/2025,DIRCO warns youth about unverified foreign job offersSA government warning about foreign recruitments,INFO,,RUS,AFR,SF,,,,2025-08-25,DIRCO warns youth about unverified foreign job offers,SA government warning about foreign recruitments,2.0,1.5,,,RUSSIA,AFRICA,"['USE UNCONVENTIONAL MASS VIOLENCE', 'DEMAND']",
https://www.thesouthafrican.com/news/russia-may-be-recruiting-sa-women-to-work-in-drone-factories/,8/24/2025,Russia may be recruiting SA women to work in drone factoriesRecruitment concerns in South Africa,SEC,,AFR | ZAF,RUS,SF,,,,2025-08-24,Russia may be recruiting SA women to work in drone factories,Recruitment concerns in South Africa,5.0,-1.4,,,AFRICA | SOUTH AFRICAN,RUSSIA | RUSSIAN,[],
https://www.opinionnigeria.com/south-africa-to-attend-brics-fashion-summit-in-moscow-by-stephen-manzini/,8/24/2025,South Africa to attend BRICS Fashion Summit in MoscowFashion diplomacy,INFO,,RUS,,SF,,,,2025-08-24,South Africa to attend BRICS Fashion Summit in Moscow,Fashion diplomacy,1.0,2.8,,,RUSSIA,,[],
https://www.yahoo.com/news/articles/russia-may-recruiting-south-african-110727579.html,8/21/2025,"bloomberg has reported that russian companies may be recruiting young african women under the guise of offering jobs, instead sending them to work at shahed drone assembly plants in tatarstan. the south african government has launched an investigation.",SEC,20.0,AFR | ZAF,RUS,SF,"['Russia', 'South African', 'Bloomberg', 'Bloomberg', 'Russian', 'African', 'Shahed', 'Tatarstan', 'South African']","['GPE', 'NORP', 'ORG', 'ORG', 'NORP', 'NORP', 'FAC', 'GPE', 'NORP']","African women, South African government, Bloomberg, South Africa",2025-08-22,Russia may be recruiting South African women to work at drone assembly plants – Bloomberg,"Bloomberg has reported that Russian companies may be recruiting young African women under the guise of offering jobs, instead sending them to work at Shahed drone assembly plants in Tatarstan. The South African government has launched an investigation.",2.0,0.0,Yahoo News,en-US,AFRICA | PRETORIA,RUSSIA | RUSSIAN,['DEMAND'],
https://www.opinionnigeria.com/russia-strengthening-military-ties-with-sahel-states-by-kester-kenn-klomegah/,8/21/2025,Russia Strengthening Military Ties With Sahel StatesAnalysis of Russia-Sahel military cooperation,SEC,,RUS,,NG,,,,2025-08-21,Russia Strengthening Military Ties With Sahel States,Analysis of Russia-Sahel military cooperation,1.0,1.0,Opinion Nigeria,en-US,RUSSIA,,[],Opinion Nigeria
https://northafricapost.com/89812-russian-navy-ship-docks-in-tanzania-highlighting-deepening-bilateral-ties.html,8/19/2025,"russian navy ship docks in tanzania, highlighting deepening bilateral ties – the north africa post",SEC,30.0,RUS | TZA,TZA | RUS,TZ,"['Russian', 'Tanzania', 'The North Africa Post']","['NORP', 'GPE', 'ORG']",,2025-08-19,"Russian navy ship docks in Tanzania, highlighting deepening bilateral ties – The North Africa Post",,12.0,2.425,,en-US,RUSSIAN | RUSSIA | TANZANIA | TANZANIAN,TANZANIA | RUSSIAN | RUSSIA,['DEMAND'],
https://www.newsdzezimbabwe.co.uk/2025/08/russian-firm-sparks-alarm-in-chipinge.html,8/17/2025,"chipinge rural district council (rdc) has raised alarm over the world’s biggest diamond mining company, alrosa from russia which it accuses ...",ECON,33.0,RUS,,ZI,"['RUSSIAN', 'CHIPINGE', 'Chipinge Rural District Council', 'RDC', 'Alrosa', 'Russia']","['NORP', 'GPE', 'ORG', 'GPE', 'ORG', 'GPE']",,2025-08-17,RUSSIAN FIRM SPARKS ALARM IN CHIPINGE newsdzeZimbabweNewsdzeZimbabwe,"Chipinge Rural District Council (RDC) has raised alarm over the world’s biggest diamond mining company, Alrosa from Russia which it accuses ...",1.0,5.0,,,RUSSIA,COMPANY,[],
https://blueprint.ng/nigerian-oil-stands-to-gain-as-india-shies-away-from-russian-crude/,8/14/2025,Nigerian oil stands to gain as India shies away from Russian crudeIndia pivoting from Russian oil to Nigerian sources,ECON,,EUR,RUS,NI,,,,2025-08-14,Nigerian oil stands to gain as India shies away from Russian crude,India pivoting from Russian oil to Nigerian sources,1.0,-4.0,,en-US,THE EUROPEAN UNION,RUSSIA,"['Reject, not specified below']",
https://thebftonline.com/2025/08/12/russia-bolstering-mozambican-economic-partnership-2/,8/13/2025,Russia bolstering Mozambican economic partnershipLavrov discussions with Mozambique Minister,DIP,,MOZ | RUS,RUS | MOZ,MZ,,,,2025-08-13,Russia bolstering Mozambican economic partnership,Lavrov discussions with Mozambique Minister,9.0,1.6,The Business & Financial Times,en-GB,BANK | MOZAMBICAN | MOZAMBIQUE | RUSSIA,RUSSIA | MOZAMBIQUE | MOZAMBICAN,"['Disapprove, not specified below', 'DEMAND']",Juliet Etefe
https://www.newsghana.com.gh/russia-and-mozambique-seek-to-revive-economic-ties/,8/13/2025,Russia and Mozambique Seek to Revive Economic TiesForeign Ministers met in Moscow late July,DIP,,MOZ | RUS,RUS | MOZ,MZ,,,,2025-08-13,Russia and Mozambique Seek to Revive Economic Ties,Foreign Ministers met in Moscow late July,3.0,2.633333333,,en-US,MOZAMBIQUE | RUSSIA,MOSCOW | RUSSIA | MAPUTO,['USE UNCONVENTIONAL MASS VIOLENCE'],
https://thebftonline.com/2025/08/13/russia-bolstering-mozambican-economic-partnership/,8/13/2025,Russia bolstering Mozambican economic partnershipRussia-Mozambique partnership efforts,DIP,,RUS,RUS,MZ,,,,2025-08-13,Russia bolstering Mozambican economic partnership,Russia-Mozambique partnership efforts,2.0,7.0,The Business & Financial Times,en-GB,MINIST OF FOREIGN AFFAIRS | SERGEY LAVROV,SERGEY LAVROV | MINIST OF FOREIGN AFFAIRS,[],Francis
https://www.dailymaverick.co.za/article/2025-08-13-ukraine-what-role-if-any-is-sa-playing-in-peace-efforts/,8/13/2025,Ukraine: what role is SA playing in peace efforts?Analysis of SA peace mediation,DIP,,RUS,AFR,SF,,,,2025-08-13,Ukraine: what role is SA playing in peace efforts?,Analysis of SA peace mediation,5.0,2.1,,,RUSSIA | MOSCOW,AFRICA | SPECIAL ENVOY,['DEMAND'],
https://www.opinionnigeria.com/navigating-the-pitfalls-in-russia-mozambique-economic-partnership-by-kester-kenn-klomegah/,8/12/2025,Navigating the Pitfalls in Russia-Mozambique Economic PartnershipAnalysis of Russia-Mozambique relations,ECON,,MOZ | RUS,RUS | MOZ,MZ,,,,2025-08-12,Navigating the Pitfalls in Russia-Mozambique Economic Partnership,Analysis of Russia-Mozambique relations,7.0,3.671428571,Opinion Nigeria,en-US,MINIST OF FOREIGN AFFAIRS | MOZAMBIQUE | RUSSIA,RUSSIA | MINIST OF FOREIGN AFFAIRS | MOZAMBIQUE,['DEMAND'],Opinion Nigeria
https://chimpreports.com/gen-kainerugaba-russian-envoy-discuss-strengthening-uganda-russia-relations/,8/11/2025,"Gen Kainerugaba, Russian Envoy Discuss Strengthening Uganda–Russia RelationsUganda CDF met with Russian Ambassador",DIP,,RUS | UGA,RUS | UGA,UG,,,,2025-08-11,"Gen Kainerugaba, Russian Envoy Discuss Strengthening Uganda–Russia Relations",Uganda CDF met with Russian Ambassador,6.0,5.1,ChimpReports,en-US,DEFENCE FORCE | RUSSIA | MOSCOW | UGANDA,RUSSIAN | MILITARY | UGANDA | MOSCOW | RUSSIA,[],ChimpReports
https://www.ewn.co.za/2025/08/09/bma-clarifies-circumstances-around-russian-navy-vessel-docked-in-cape-town-harbour,8/9/2025,BMA clarifies circumstances around Russian navy vessel in Cape TownRussian naval vessel in SA,SEC,,AFR | RUS | ZAF,RUS | ZAF | AFR,SF,,,,2025-08-09,BMA clarifies circumstances around Russian navy vessel in Cape Town,Russian naval vessel in SA,11.0,1.709090909,,,AFRICA | RUSSIAN | RUSSIA | CAPE TOWN,RUSSIA | CAPE TOWN | AFRICA | RUSSIAN,['DEMAND'],
https://www.sanews.gov.za/south-africa/president-ramaphosa-zelenskyy-discuss-russia-ukraine-peace-process,8/9/2025,"President Ramaphosa, Zelenskyy discuss Russia-Ukraine peace processSA mediation efforts",DIP,,UKR,RUS,SF,,,,2025-08-09,"President Ramaphosa, Zelenskyy discuss Russia-Ukraine peace process",SA mediation efforts,4.0,2.2,,,PRESIDENT | UKRAINE,RUSSIA,[],
https://www.thesouthafrican.com/news/politics/cyril-ramaphosa-weighs-into-ukraine-russia-peace-process/,8/9/2025,Cyril Ramaphosa weighs into Ukraine-Russia peace processSA peace initiative,DIP,,RUS,UKR,SF,,,,2025-08-09,Cyril Ramaphosa weighs into Ukraine-Russia peace process,SA peace initiative,1.0,6.0,,,RUSSIA,UKRAINE,[],
http://www.strategypage.com/qnd/mali/articles/2025080894018.aspx,8/8/2025,mali soldiers and the russian africa corps are accused of kidnapping or executing numerous fulani tribesmen nearly 20 fulani were killed and over 80 kidnapped these operations were,SEC,9.0,RUS,AFR,ML,"['Mali', 'August 2025', 'August 2025', 'August 8, 2025', 'Mali', 'the Russian Africa Corps', 'Fulani', 'Nearly 20', 'Fulani', 'over 80']","['GPE', 'DATE', 'DATE', 'DATE', 'GPE', 'ORG', 'NORP', 'CARDINAL', 'NORP', 'CARDINAL']",,2025-08-08,Mali: August 2025 Update,"August 2025 Update
    
  
  
    August 8, 2025: Mali soldiers and the Russian Africa Corps are accused of kidnapping or executing numerous Fulani tribesmen Nearly 20 Fulani were killed and over 80 kidnapped These operations were",1.0,-2.0,,,RUSSIAN,AFRICA,"['Accuse, not specified below']",
https://www.defenceweb.co.za/sea/sea-sea/sa-navy-meets-smolny-crew-during-cape-town-stop/,8/8/2025,crew members of the russian navy training ship smolny met with their counterparts in the south african navy during the vessel’s port call in cape town this,SEC,28.0,RUS,RUS,SF | TZ,"['SA Navy', 'Smolny', 'Cape Town', 'Russian', 'Smolny', 'the South African Navy', 'Cape Town']","['ORG', 'PRODUCT', 'GPE', 'NORP', 'PRODUCT', 'ORG', 'GPE']",,2025-08-08,SA Navy meets Smolny crew during Cape Town stop - defenceWeb,Crew members of the Russian Navy training ship Smolny met with their counterparts in the South African Navy during the vessel’s port call in Cape Town this,3.0,7.0,defenceWeb,en-ZA,RUSSIAN | RUSSIA,RUSSIA | RUSSIAN,[],
https://www.yahoo.com/news/articles/south-african-president-speaks-russias-191556333.html,8/8/2025,"south african president cyril ramaphosa held a phone call with russian president vladimir putin on thursday on the ukraine crisis and issues of bilateral interest, ramaphosa's office said in a statement.",DIP,2.0,ZAF,RUS,SF,"['South African', 'Russia', 'Putin', 'Ukraine', 'JOHANNESBURG', 'Reuters', 'African', 'Cyril Ramaphosa', 'Russian', 'Vladimir Putin', 'Thursday', 'Ukraine', 'Ramaphosa', 'Putin', 'Ramaphosa', 'Ukraine']","['NORP', 'GPE', 'PERSON', 'GPE', 'GPE', 'ORG', 'NORP', 'PERSON', 'NORP', 'PERSON', 'DATE', 'GPE', 'PERSON', 'PERSON', 'PERSON', 'GPE']","Vladimir Putin, Cyril Ramaphosa, South African President",2025-08-07,"South African president speaks to Russia's Putin on Ukraine crisis, bilateral issues","JOHANNESBURG (Reuters) -South African President Cyril Ramaphosa held a phone call with Russian President Vladimir Putin on Thursday on the Ukraine crisis and issues of bilateral interest, Ramaphosa's office said in a statement.  ""The discussion followed President Putin's request to brief President Ramaphosa on the peace process with Ukraine and to engage on issues of mutual bilateral interest,"" the statement said.",1.0,3.0,Yahoo News,en-US,JOHANNESBURG,RUSSIAN,['USE UNCONVENTIONAL MASS VIOLENCE'],
https://www.opinionnigeria.com/russias-economic-diplomacy-fraught-with-obstacles-across-africa-by-kester-kenn-klomegah/,8/8/2025,Russia's Economic Diplomacy Fraught With Obstacles Across AfricaAnalysis of Russia's economic challenges in Africa,ECON,,RUS | UGA | ZWE,BWA | ZWE | AFR | RUS,ZI | SF | SL | UG,,,,2025-08-08,Russia's Economic Diplomacy Fraught With Obstacles Across Africa,Analysis of Russia's economic challenges in Africa,7.0,1.642857143,Opinion Nigeria,en-US,RUSSIA | RUSSIAN | MUSEVENI | ZIMBABWE,BOTSWANA | ZIMBABWE | AFRICA | RUSSIA,"['Arrest, detain, or charge with legal action', 'USE UNCONVENTIONAL MASS VIOLENCE']",Opinion Nigeria
https://www.defenceweb.co.za/sea/sea-sea/russian-navy-training-ship-smolny-back-in-cape-town/,8/7/2025,"nearly a year after stopping in south africa, the russian navy baltic fleet training vessel smolny is back in cape town for a visit as part of its africa-asia",SEC,28.0,COD | RUS,RUS | COD,CF | TZ,"['Russian Navy', 'Smolny', 'Cape Town', 'Nearly a year', 'South Africa', 'Russian Navy', 'Baltic Fleet', 'Smolny', 'Cape Town', 'Africa-Asia']","['ORG', 'PRODUCT', 'GPE', 'DATE', 'GPE', 'ORG', 'ORG', 'PRODUCT', 'GPE', 'ORG']",,2025-08-07,Russian Navy training ship Smolny back in Cape Town - defenceWeb,"Nearly a year after stopping in South Africa, the Russian Navy Baltic Fleet training vessel Smolny is back in Cape Town for a visit as part of its Africa-Asia",4.0,4.375,defenceWeb,en-ZA,CONGOLESE | RUSSIAN,RUSSIAN | CONGOLESE | NAVAL,[],
https://tass.com/world/1999489,8/7/2025,"""president ramaphosa welcomed the briefing and expressed south africa's full support to peace initiatives that will end the war and contribute to a lasting peace between russia and ukraine,"" the statement says",DIP,2.0,RUS,RUS | UKR,SF,"['Putin', 'Ramaphosa', 'Ukraine', 'Ramaphosa', ""South Africa's"", 'Russia', 'Ukraine']","['PERSON', 'PERSON', 'GPE', 'PERSON', 'GPE', 'GPE', 'GPE']",,2025-08-07,"During phone talk with Putin, Ramaphosa supports peace initiatives on Ukraine -  World - TASS","""President Ramaphosa welcomed the briefing and expressed South Africa's full support to peace initiatives that will end the war and contribute to a lasting peace between Russia and Ukraine,"" the statement says",2.0,5.2,TASS,,PRESIDENT | RUSSIAN,VLADIMIR PUTIN | UKRAINIAN,[],
https://www.egyptindependent.com/egypt-russia-discuss-boosting-local-content-in-dabaa-nuclear-project/,8/7/2025,"Egypt, Russia discuss boosting local content in Dabaa nuclear projectNuclear cooperation and local manufacturing",ECON,,EGY,RUS,EG,,,,2025-08-07,"Egypt, Russia discuss boosting local content in Dabaa nuclear project",Nuclear cooperation and local manufacturing,1.0,1.0,Egypt Independent,en-US,EGYPT,RUSSIA,[],MENA
https://www.dailymaverick.co.za/article/2025-08-07-ramaphosa-talks-to-putin-about-us-efforts-to-end-russias-war-on-ukraine/,8/7/2025,Ramaphosa talks to Putin about US efforts to end Russia's warRamaphosa-Putin discussions,DIP,,RUS,AFR | RUS | ZAF,SF,,,,2025-08-07,Ramaphosa talks to Putin about US efforts to end Russia's war,Ramaphosa-Putin discussions,4.0,-0.75,,,RUSSIA | RUSSIAN,AFRICA | VLADIMIR PUTIN | SOUTH AFRICAN,"['Demand, not specified below', 'DEMAND']",
https://nonproliferation.org/op66-putins-new-frontier-the-prospects-and-limitations-of-africa-corps/,8/6/2025,Putin's New Frontier: The Prospects and Limitations of Africa CorpsAnalysis of Africa Corps,SEC,,RUS,CAF,CT,,,,2025-08-06,Putin's New Frontier: The Prospects and Limitations of Africa Corps,Analysis of Africa Corps,1.0,6.0,,,RUSSIAN,CENTRAL AFRICAN REPUBLIC,[],
https://www.ch-aviation.com/news/156784-russia-seeks-acmi-with-ethiopian-airlines-airline-denies,8/5/2025,"in a move to mitigate political fallout, ethiopian airlines says it has never been approached, nor has it held discussions with any party about wet-leasing aircraft to...",ECON,16.0,RUS,,ET,"['Russia', 'Ethiopian Airlines', 'Ethiopian Airlines']","['GPE', 'ORG', 'ORG']","Operator News, Operator Route Network, Route Network Changes, New Routes, Route Cancellations, Strategic Fleet Developments, Operator Fleet News, Aircraft Orders, Operator Start-Up, Operator Start-Ups, Operator Bankruptcy, Operator Bankruptcies, Operator Merger, Operator Acquisition, Operator Partnership, Alliances",2025-08-06,"Russia seeks ACMI with Ethiopian Airlines, airline denies -
                        ch-aviation","In a move to mitigate political fallout, Ethiopian Airlines says it has never been approached, nor has it held discussions with any party about wet-leasing aircraft to...",1.0,0.0,ch-aviation,en,RUSSIAN,,['DEMAND'],
https://thebftonline.com/2025/08/05/south-africas-valdai-conference-russia-adapting-to-new-geopolitical-conditions-with-africa/,8/5/2025,South Africa's Valdai Conference: Russia adapting to new geopolitical conditionsValdai Discussion Club conference in SA,INFO,,AFR | RUS,RUS | AFR,SF,,,,2025-08-05,South Africa's Valdai Conference: Russia adapting to new geopolitical conditions,Valdai Discussion Club conference in SA,2.0,1.0,,,AFRICA | RUSSIAN,RUSSIAN | AFRICA,[],
http://www.europesun.com/news/278488017/global-trade-hub-seeking-russia-partnership-media,8/4/2025,the suez canal authority has reportedly signaled interest in closer cairo-moscow cooperation read full article at rt.com,ECON,29.0,RUS,EGY,EG,"['Russia', 'The Suez Canal Authority', 'Cairo', 'Moscow']","['GPE', 'ORG', 'GPE', 'GPE']",The Suez Canal Authority has reportedly signaled interest in closer Cairo-Moscow cooperation Read Full Article at RT.com,2025-08-04,Global trade hub seeking Russia partnership - media,The Suez Canal Authority has reportedly signaled interest in closer Cairo-Moscow cooperation Read Full Article at RT.com,3.0,5.0,Europe Sun,en,MOSCOW | RUSSIA,EGYPT,['USE UNCONVENTIONAL MASS VIOLENCE'],
https://www.newsday.co.zw/local-news/article/200044639/russian-embassy-defends-alabuga-programme,8/4/2025,Russian embassy defends Alabuga programmeRussian embassy statement on Alabuga,INFO,,RUS,AFR | RUS | ZWE,ZI,,,Russian Embassy;Zimbabwe;Alabuga Start Programme;Africa,2025-08-04,Russian embassy defends Alabuga programme,Russian embassy statement on Alabuga,4.0,-0.25,NewsDay,en,RUSSIAN | RUSSIA,AFRICA | RUSSIA | ZIMBABWE,"['Reject, not specified below']",BRENT SHAMU
https://www.peoplesdailyng.com/federation-council-holds-political-dialogue-with-somalia-south-africa-and-uganda/,8/4/2025,Federation Council political dialogueRussia parliamentary outreach,DIP,,CHN | RUS | UGA,RUS | BRA | SOM,UG | SF | SO,,,,2025-08-04,Federation Council political dialogue,Russia parliamentary outreach,9.0,3.633333333,,,CHINA | RUSSIA | JESSICA ALUPO,RUSSIA | BRAZIL | PRESIDENT | SOMALIA | RUSSIAN,['USE UNCONVENTIONAL MASS VIOLENCE'],
https://www.opinionnigeria.com/south-africas-valdai-conference-reviews-russias-current-relations-with-africa-by-kester-kenn-klomegah/,8/3/2025,South Africa's Valdai Conference Reviews Russia's Relations With AfricaAnalysis of Valdai conference,INFO,,AFR | RUS,RUS | AFR,SF,,,,2025-08-03,South Africa's Valdai Conference Reviews Russia's Relations With Africa,Analysis of Valdai conference,2.0,1.0,Opinion Nigeria,en-US,AFRICA | RUSSIAN,RUSSIAN | AFRICA,[],Opinion Nigeria
https://www.heraldonline.co.zw/russian-delegation-meets-zimbabwean-minister-of-finance-allegations-of-treason-dismissed-with-contempt/,8/2/2025,Russian delegation meets Zimbabwean minister of financeRussia-Zimbabwe ministerial meeting,DIP,,RUS | ZWE,RUS | ZWE,ZI,,,,2025-08-02,Russian delegation meets Zimbabwean minister of finance,Russia-Zimbabwe ministerial meeting,14.0,1.814285714,,,MINIST | RUSSIA | RUSSIAN | ZIMBABWEAN | ZIMBABWE,RUSSIA | MINIST | ZIMBABWEAN | ZIMBABWE | RUSSIAN,[],
http://www.bignewsnetwork.com/news/278481864/russia-to-deliver-mobile-disease-lab-to-african-state,8/1/2025,"russia will supply burkina faso with a mobile lab for diagnosing infectious diseases, the russian ministry of energy has stated read full art",SEC,28.0,RUS,WAF,UG,"['Russia', 'African', 'Russia', 'Burkina Faso', 'Russian']","['GPE', 'NORP', 'GPE', 'GPE', 'NORP']","the republic, burkina faso, including, diseases including, burkina, diseases, country, tsivilev, russian",2025-08-01,Russia to deliver mobile disease lab to African state,"Russia will supply Burkina Faso with a mobile lab for diagnosing infectious diseases, the Russian Ministry of Energy has stated Read Full Art",2.0,4.0,Big News Network.com,en,RUSSIAN,THE WEST AFRICAN COUNTRY,[],
https://www.ecofinagency.com/news/0108-47945-burkina-faso-and-russia-create-joint-commission-to-deepen-strategic-ties,8/1/2025,Burkina Faso and Russia create joint commission to deepen strategic tiesRussia-Burkina Faso commission,DIP,,RUS,BFA,UV,,,,2025-08-01,Burkina Faso and Russia create joint commission to deepen strategic ties,Russia-Burkina Faso commission,2.0,3.25,,,RUSSIA,OUAGADOUGOU | CIVILIAN,['USE UNCONVENTIONAL MASS VIOLENCE'],
https://bulawayo24.com/news/national/255768,7/31/2025,at least four young zimbabwean women have allegedly been trafficked to work under deceptive conditions at a russian drone factory,SEC,20.0,RUS | ZMB,ZMB | RUS,TZ,"['Zimbabwean', 'Russian', 'Bulawayo24 News', 'At least four', 'Zimbabwean', 'Russian']","['NORP', 'NORP', 'ORG', 'CARDINAL', 'NORP', 'NORP']","Bulawayo24,BYO24, Bulawayo24 News, Todays news,breaking news,latest news,news latest breaking stories, online news, world news,Bulawayo news,Zimbabwe news,Africa news, local news, celebrity news, todays sport news, todays travel news,,Company,Bribery,Court",2025-07-31,Zimbabwean women trapped in Russian drone factory scheme -  Bulawayo24 News,At least four young Zimbabwean women have allegedly been trafficked to work under deceptive conditions at a Russian drone factory producing weapons used in the ...,2.0,-10.0,Bulawayo24 News,,RUSSIA | ZAMBIAN,ZAMBIAN | RUSSIA,"['Use conventional military force, not specified below']",eDuzeNet
http://www.nigeriasun.com/news/278479551/western-media-demonizes-russia-zumas-daughter,7/31/2025,duduzile zuma-sambudla has dismissed the anti-russian media and highlighted moscow’s role in south africa’s anti-apartheid struggle read full,DIP,28.0,AFR,RUS,SF,"['Western', 'Russia', 'Zumas', 'Duduzile Zuma-Sambudla', 'anti-Russian', 'Moscow', 'South Africa’s']","['NORP', 'GPE', 'PERSON', 'PERSON', 'NORP', 'GPE', 'GPE']","interview, deflect, russia, duduzile zuma, movementzuma sambudla, interference, issues, south african, pan african",2025-07-31,Western media demonizes Russia  Zumas daughter,Duduzile Zuma-Sambudla has dismissed the anti-Russian media and highlighted Moscow’s role in South Africa’s anti-Apartheid struggle Read Full,1.0,-2.0,Nigeria Sun,en,PAN AFRICAN PARLIAMENT,RUSSIA,"['Disapprove, not specified below']",
https://www.myjoyonline.com/ayariga-mocks-npp-for-benefiting-more-than-russia-from-ukraine-war-excuse/,7/31/2025,"the majority leader in parliament, mahama ayariga, has taken a jab at the new patriotic party (npp), accusing the opposition party of exploiting the russia-ukraine conflict to deflect blame for ghana’s economic downturn during its time in office.",DIP,36.0,UKR,RUS,GH,"['Ayariga', 'NPP', 'Russia', 'Ukraine', 'Parliament', 'Mahama Ayariga', 'the New Patriotic Party', 'NPP', 'Russia', 'Ghana']","['PERSON', 'ORG', 'GPE', 'GPE', 'ORG', 'PERSON', 'ORG', 'ORG', 'GPE', 'GPE']",,2025-07-31,Ayariga mocks NPP for ‘benefiting more than Russia’ from Ukraine war excuse - MyJoyOnline,"The Majority Leader in Parliament, Mahama Ayariga, has taken a jab at the New Patriotic Party (NPP), accusing the opposition party of exploiting the Russia-Ukraine conflict to deflect blame for Ghana’s economic downturn during its time in office.",2.0,-2.0,MyJoyOnline,en-US,PARLIAMENT | UKRAINE,RUSSIA,['Criticize or denounce'],
https://www.ghanamma.com/2025/07/31/ayariga-mocks-npp-for-benefiting-more-than-russia-from-ukraine-war-excuse/,7/31/2025,Ayariga mocks NPP for benefiting more from Ukraine War than Russia Ghana political commentary,INFO,,UKR,RUS,GH,,,,2025-07-31,Ayariga mocks NPP for benefiting more than Russia,Ghana political commentary,3.0,-2.0,,,PARLIAMENT | UKRAINE,RUSSIA,['Criticize or denounce'],
http://www.bignewsnetwork.com/news/278477988/russian-warship-continues-african-tour-photos,7/30/2025,russian naval training ship the smolny has docked in congo after equatorial guinea visit,SEC,28.0,COG | RUS,RUS | COG,CF,"['Russian', 'African', 'Russian', 'Smolny', 'Congo', 'Equatorial Guinea']","['NORP', 'NORP', 'NORP', 'PRODUCT', 'GPE', 'GPE']",Russian naval training ship the Smolny has docked in Congo after Equatorial Guinea visit Read Full Article at RT.com,2025-07-30,Russian warship continues African tour (PHOTOS),Russian naval training ship the Smolny has docked in Congo after Equatorial Guinea visit Read Full Article at RT.com,6.0,4.25,Big News Network.com,en,REPUBLIC OF THE CONGO | MILITARY | RUSSIAN | RUSSIA,RUSSIAN | RUSSIA | REPUBLIC OF THE CONGO | CONGO | MILITARY,[],
https://dailynews.co.tz/envoy-lauds-uranium-project-a-significant-step-in-tanzania-russia-ties/,7/30/2025,"ruvuma: the russian ambassador to tanzania, andrey avetisyan, has lauded the launch of the pilot uranium refining plant in namtumbo district saying it marks a significant step in the strengthening of bilateral cooperation between tanzania and russia, particularly in the sectors of energy, infrastructure, and modern technology. speaking to the public shortly after the official",DIP,30.0,RUS,TZA,TZ,"['Tanzania', 'Russia', 'Daily News', 'RUVUMA', 'Russian', 'Tanzania', 'Andrey Avetisyan', 'Namtumbo District', 'Tanzania', 'Russia']","['GPE', 'GPE', 'ORG', 'GPE', 'NORP', 'GPE', 'PERSON', 'GPE', 'GPE', 'GPE']",,2025-07-30,"Envoy lauds uranium project, a significant step in Tanzania-Russia ties - Daily News","RUVUMA: THE Russian Ambassador to Tanzania, Andrey Avetisyan, has lauded the launch of the pilot uranium refining plant in Namtumbo District saying it marks a significant step in the strengthening of bilateral cooperation between Tanzania and Russia, particularly in the sectors of energy, infrastructure, and modern technology. Speaking to the public shortly after the official",1.0,3.4,Daily News - Tanzania Standard Newspapers,en-US,RUSSIA,TANZANIA,[],Dotto Lameck
https://saiia.org.za/news/saiia-co-hosts-3rd-russia-africa-conference/,7/30/2025,"on 28 july 2025, the south african institute of international affairs (saiia), in partnership with the valdai discussion club, hosted the 3rd russia-africa conference in pretoria.",DIP,19.0,RUS,,SF,"['SAIIA', 'Third', 'Russia-Africa Conference', 'SAIIA', '28 July 2025', 'the South African Institute of International Affairs', 'SAIIA', 'the Valdai Discussion Club', '3rd', 'Russia-Africa Conference', 'Pretoria']","['ORG', 'ORDINAL', 'EVENT', 'GPE', 'DATE', 'ORG', 'ORG', 'ORG', 'ORDINAL', 'EVENT', 'GPE']",,2025-07-30,SAIIA Co-Hosts Third Russia-Africa Conference - SAIIA,"On 28 July 2025, the South African Institute of International Affairs (SAIIA), in partnership with the Valdai Discussion Club, hosted the 3rd Russia-Africa Conference in Pretoria.",1.0,3.4,SAIIA,en-GB,RUSSIA,LIBERATION MOVEMENT,[],
https://www.egyptindependent.com/fm-hails-strategic-cooperation-with-russia-in-key-projects/,7/30/2025,FM hails strategic cooperation with Russia in key projectsEgypt-Russia strategic cooperation,DIP,,EGY | PSE | RUS,RUS | PSE,EG,,,,2025-07-30,FM hails strategic cooperation with Russia in key projects,Egypt-Russia strategic cooperation,7.0,1.6,,,EGYPT | MINIST OF FOREIGN AFFAIRS | GAZA | RUSSIAN | RUSSIA,RUSSIAN | RUSSIA | GAZA,['THREATEN'],
https://www.opinionnigeria.com/federation-council-holds-political-dialogue-with-somalia-south-africa-and-uganda-by-kester-kenn-klomegah/,7/30/2025,"Federation Council holds political dialogue with Somalia, South Africa, and UgandaRussian parliamentary diplomacy",DIP,,CHN | RUS,RUS | BRA | SOM,UG | SO,,,,2025-07-30,"Federation Council holds political dialogue with Somalia, South Africa, and Uganda",Russian parliamentary diplomacy,3.0,3.266666667,,,CHINA | RUSSIA,RUSSIA | BRAZIL | SOMALIA,['USE UNCONVENTIONAL MASS VIOLENCE'],
http://www.austinglobe.com/news/278474656/russia-boosting-nuclear-cooperation-with-african-state,7/29/2025,"rosatom and niger have signed an mou to expand electricity access, develop atomic medicine, and support specialist training in the country re",DIP,30.0,NER | RUS,RUS | NER,NG | UV,"['Russia', 'African', 'Rosatom', 'Niger']","['GPE', 'NORP', 'ORG', 'GPE']","infrastructure, the peaceful, specialists, tsivilev, electricity, niger, and niger, field, nuclear",2025-07-29,Russia boosting nuclear cooperation with African state,"Rosatom and Niger have signed an MoU to expand electricity access, develop atomic medicine, and support specialist training in the country Re",13.0,2.176923077,Austin Globe,en,NIGER | NIAMEY | RUSSIA | RUSSIAN,RUSSIA | RUSSIAN | NIGER | NIAMEY,[],
https://eng.belta.by/president/view/lukashenko-belarus-seeks-to-strengthen-cooperation-with-ethiopia-170000-2025/,7/29/2025,belarusian president aleksandr lukashenko said as he met with minister of foreign affairs of ethiopia gedion timothewos on 29 july.,DIP,22.0,ETH | RUS,RUS | ETH,ET,"['Lukashenko', 'Belarus', 'Ethiopia', 'Belarusian', 'Aleksandr Lukashenko', 'Ethiopia', 'Gedion Timothewos', '29 July']","['PERSON', 'GPE', 'GPE', 'NORP', 'PERSON', 'GPE', 'PERSON', 'DATE']",,2025-07-29,Lukashenko: Belarus seeks to strengthen cooperation with Ethiopia,Belarusian President Aleksandr Lukashenko said as he met with Minister of Foreign Affairs of Ethiopia Gedion Timothewos on 29 July.,2.0,1.0,Belarusian Telegraph Agency,en-EN,ETHIOPIA | KAZAN,KAZAN | ETHIOPIA,[],
http://www.bignewsnetwork.com/news/278472513/moscow-supports-africa-in-struggle-against-neocolonialism-medvedev,7/28/2025,"dmitry medvedev has expressed solidarity with african parties in their resistance to neocolonialism, calling them guarantors of stability rea",DIP,28.0,RUS,AFR,TZ,"['Moscow', 'Africa', 'Medvedev', 'Dmitry Medvedev', 'African']","['GPE', 'LOC', 'PERSON', 'PERSON', 'NORP']","Dmitry Medvedev has expressed solidarity with African parties in their resistance to neocolonialism, calling them guarantors of stability Read Full Article at RT.com",2025-07-28,Moscow supports Africa in struggle against neocolonialism - Medvedev,"Dmitry Medvedev has expressed solidarity with African parties in their resistance to neocolonialism, calling them guarantors of stability Read Full Article at RT.com",1.0,-2.0,Big News Network.com,en,RUSSIAN,AFRICA,['Criticize or denounce'],
https://www.yahoo.com/news/articles/central-african-republics-touadera-announces-141807103.html,7/26/2025,"bangui (reuters) -central african republic's president faustin-archange touadera said on saturday he will run for a third term later this year, seeking to extend his rule into a second decade after scrapping term limits in 2023. since taking office in 2016, touadera has enlisted outside forces to stay in power amid a persistent civil conflict, including mercenaries from russia's wagner militia, who intervened in 2018 on the side of the government. landlocked central african republic, roughly the size of france and with a population of around 5.5 million, is deeply impoverished despite being rich in resources including gold, diamonds and timber.",DIP,36.0,RUS | RWA,CAF | RWA | RUS,CT | RW,"[""Central African Republic's"", 'Touadera', 'third', 'BANGUI', 'Reuters', 'Faustin-Archange Touadera', 'Saturday', 'third', 'later this year', 'a second decade', '2023', '2016', 'Touadera', 'Russia', 'Wagner', '2018', 'Central African Republic', 'France']","['GPE', 'PERSON', 'ORDINAL', 'GPE', 'ORG', 'PERSON', 'DATE', 'ORDINAL', 'DATE', 'DATE', 'DATE', 'DATE', 'PERSON', 'GPE', 'ORG', 'DATE', 'GPE', 'GPE']","Central African Republic, term limits, Faustin-Archange Touadera, United Hearts Movement",2025-07-26,Central African Republic's Touadera announces bid for third term,"BANGUI (Reuters) -Central African Republic's President Faustin-Archange Touadera said on Saturday he will run for a third term later this year, seeking to extend his rule into a second decade after scrapping term limits in 2023.  Since taking office in 2016, Touadera has enlisted outside forces to stay in power amid a persistent civil conflict, including mercenaries from Russia's Wagner militia, who intervened in 2018 on the side of the government.  Landlocked Central African Republic, roughly the size of France and with a population of around 5.5 million, is deeply impoverished despite being rich in resources including gold, diamonds and timber.",9.0,-8.333333333,Yahoo News,en-US,RUSSIA | RUSSIAN | RWANDA | RWANDAN,CENTRAL AFRICAN REPUBLIC | FAUSTIN ARCHANGE TOUADERA | RWANDA | RWANDAN | RUSSIA,"['Demand, not specified below', 'Use conventional military force, not specified below']",
https://www.mangalorean.com/mos-margherita-meets-russian-deputy-foreign-minister-discusses-bilateral-ties-and-issues-related-to-g20/,7/26/2025,"mos margherita meets russian deputy foreign minister, discusses bilateral ties and issues related to g20 cape town (south africa): union minister of state",DIP,22.0,RUS,RUS,SF,"['Margherita', 'Russian', 'G20', 'Margherita', 'Russian', 'G20 Cape Town (South Africa', 'State']","['PERSON', 'NORP', 'ORG', 'PERSON', 'NORP', 'EVENT', 'ORG']",,2025-07-26,"MoS Margherita meets Russian Deputy Foreign Minister, discusses bilateral ties and issues related to G20 - Mangalorean.com","MoS Margherita meets Russian Deputy Foreign Minister, discusses bilateral ties and issues related to G20 Cape Town (South Africa): Union Minister of State",5.0,1.0,Mangalorean.com,en-US,RUSSIA | RUSSIAN,RUSSIA | FOREIGN MINIST,[],IANS
https://www.opinionnigeria.com/interview-mayya-nikolskaya-assesses-russia-africa-relations-ahead-of-valdais-3rd-conference-in-pretoria-by-kester-kenn-klomegah/,7/26/2025,Interview: Mayya Nikolskaya assesses Russia-Africa relationsValdai conference preview,INFO,,RUS,AFR,SF,,,,2025-07-26,Interview: Mayya Nikolskaya assesses Russia-Africa relations,Valdai conference preview,4.0,-0.5,,,RUSSIA | RUSSIAN,AFRICA,[],
https://www.ecofinagency.com/news/2507-47839-russia-advances-with-togo-military-cooperation-agreement-amid-shift-in-regional-security,7/25/2025,russia advances with togo military cooperation agreement amid shift in regional security - ecofin agency,SEC,30.0,RUS,,TO,"['Russia', 'Togo', 'Ecofin Agency', 'Russia', 'Togo', 'Togo', 'Moscow']","['GPE', 'GPE', 'ORG', 'GPE', 'GPE', 'GPE', 'GPE']","togo, agreement, medical, military, security, free, multipolar, ecowas",2025-07-25,Russia Advances With Togo Military Cooperation Agreement Amid Shift in Regional Security - Ecofin Agency,"• Russia-Togo military pact nears ratification; joint drills, training, intel, free medical aid included• Togo turns to Moscow amid northern jihadist",1.0,4.0,Ecofin Agency,en-gb,RUSSIA,,[],Ecofin Agency
https://menafn.com/1109840608/Moscow-supports-new-defense-agreement-with-Togo,7/24/2025,"the russian government has approved a draft law to ratify a military cooperation agreement with togo, according to tass. this step reflects moscow’s",DIP,30.0,RUS,TGO,TO,"['Moscow', 'Togo', 'Russian', 'Togo', 'TASS', 'Moscow']","['GPE', 'GPE', 'NORP', 'GPE', 'ORG', 'GPE']","Moscow, supports, defense, agreement, Togo, Facebook, Twitter, Meta, Instagram, TikTok",2025-07-24,Moscow supports new defense agreement with Togo,"The Russian government has approved a draft law to ratify a military cooperation agreement with Togo, according to TASS. This step reflects Moscow’s",2.0,6.0,,,RUSSIAN,MILITARY | TOGO,[],MENAFN
https://www.thecitizen.co.tz/tanzania/magazines/new-oil-gas-pipeline-deals-to-help-africa-eradicate-energy-poverty-5129558,7/24/2025,"shifting from dirty fossil fuels to cleaner renewable energy is the ultimate end goal under the global just transition campaign. but, africa has another priority: eradicate energy...",ECON,40.0,COG | RUS,RUS | COG,CF,"['Africa', 'The Citizen', 'Nairobi', 'Africa']","['GPE', 'ORG', 'GPE', 'LOC']","gas,pipeline,energy",2025-07-24,"New oil, gas pipeline deals to help Africa eradicate energy poverty | The Citizen","Nairobi. Shifting from dirty fossil fuels to cleaner renewable energy is the ultimate end goal under the global Just Transition campaign. But, Africa has another priority: eradicate energy...",4.0,4.0,The Citizen,en,REPUBLIC OF CONGO | RUSSIA,RUSSIA | REPUBLIC OF CONGO,[],
https://www.thezimbabwemail.com/world-news/terrorism-russia-considers-military-intervention-in-mozambique/,7/24/2025,Terrorism: Russia considers military intervention in MozambiqueRussia potential military involvement,SEC,,MOZ | RUS,RUS | MOZ,MZ,,,,2025-07-24,Terrorism: Russia considers military intervention in Mozambique,Russia potential military involvement,11.0,1.518181818,,,MINIST | MINIST FOR FOREIGN | MOZAMBICAN | MOZAMBIQUE | RUSSIA,RUSSIA | RUSSIAN | MINIST | MILITARY | MOZAMBIQUE,"['REJECT', 'Threaten conventional attack']",
https://www.globalsecurity.org/wmd/library/news/russia/2025/07/russia-250722-russia-mfa02.htm,7/23/2025,foreign minister sergey lavrov's opening remarks during talks with minister of foreign affairs and cooperation of the republic of mozambique maria lucas,DIP,22.0,RUS,RUS,MZ,"['Sergey Lavrov', 'Foreign Affairs and Cooperation', 'the Republic of Mozambique', 'Maria Lucas']","['PERSON', 'ORG', 'GPE', 'PERSON']","WMD,library,news,russia,2025,July",2025-07-23,Foreign Minister Sergey Lavrov's opening remarks during talks with Minister of Foreign Affairs and Cooperation of the Republic of Mozambique Maria Lucas,,2.0,7.0,,,MINIST OF FOREIGN AFFAIRS | SERGEY LAVROV,SERGEY LAVROV | MINIST OF FOREIGN AFFAIRS,[],John Pike
https://www.terradaily.com/reports/Mali_forces_Russian_fighters_killed_dozens_of_Fulanis_HRW_999.html,7/23/2025,"the malian army and russia's wagner group killed dozens of ethnic fulani men this year during anti-jihadist operations in the troubled west african nation, human rights watch said tuesday.",SEC,9.0,RUS,,ML,"['Mali', 'Russian', 'dozens', 'Fulanis', 'HRW', 'Dakar', 'AFP', 'July 22, 2025', 'Malian', 'Russia', 'Wagner', 'dozens', 'Fulani', 'this year', 'African', 'Human Rights Watch', 'Tuesday']","['NORP', 'NORP', 'CARDINAL', 'NORP', 'ORG', 'PERSON', 'ORG', 'DATE', 'NORP', 'GPE', 'ORG', 'CARDINAL', 'NORP', 'DATE', 'NORP', 'ORG', 'DATE']","Earth News, Earth Sciences, Climate Change, Energy Technology, Environment News",2025-07-23,"Mali forces, Russian fighters killed dozens of Fulanis: HRW","Dakar (AFP) July 22, 2025 -  The Malian army and Russia's Wagner group killed dozens of ethnic Fulani men this year during anti-jihadist operations in the troubled west African nation, Human Rights Watch said Tuesday.",1.0,-10.0,Terra Daily,,RUSSIA,FULANI,"['Use conventional military force, not specified below']",
https://www.africanews.com/2025/07/22/russia-and-mozambique-reaffirm-defence-cooperation-after-foreign-ministers-meeting/,7/22/2025,maria manuela lucas and sergey lavrov spoke during a joint news conference following their talks in moscow on tuesday.,DIP,22.0,MOZ | RUS,RUS | MOZ,MZ,"['Russia', 'Mozambique', 'Africanews', 'Maria Manuela Lucas', 'Sergey Lavrov', 'Moscow', 'Tuesday']","['GPE', 'GPE', 'ORG', 'PERSON', 'PERSON', 'GPE', 'DATE']",,2025-07-22,Russia and Mozambique reaffirm defence cooperation after foreign ministers' meeting | Africanews,Maria Manuela Lucas and Sergey Lavrov spoke during a joint news conference following their talks in Moscow on Tuesday.,7.0,4.185714286,Africanews,en,MOZAMBIQUE | RUSSIA,RUSSIA | MOZAMBIQUE | INSURGENCY,[],AfricaNews
"https://www.africaintelligence.com/west-africa/2025/07/22/conakry-prepares-to-host-major-russian-delegation-in-november,110482474-bre",7/22/2025,"following a break lasting several years, the russian-guinean intergovernmental commission will be meeting for the seventh time.",DIP,19.0,GIN | RUS,RUS | GIN,GV,"['Guinea', 'Conakry', 'Russian', 'November', '22/07/2025', 'Africa Intelligence', 'several years', 'Russian', 'seventh', '7/22/2025']","['GPE', 'ORG', 'NORP', 'DATE', 'DATE', 'ORG', 'DATE', 'NORP', 'ORDINAL', 'DATE']",,2025-07-22,Guinea • Conakry prepares to host major Russian delegation in November - 22/07/2025 - Africa Intelligence,"Following a break lasting several years, the Russian-Guinean intergovernmental commission will be meeting for the seventh time. - 7/22/2025",2.0,2.35,Africa Intelligence,en,GUINEA | RUSSIA,RUSSIA | GUINEA,[],
https://www.esi-africa.com/industry-sectors/future-energy/egypt-major-tier-completed-at-el-dabaa-nuclear-energy-plant/,7/21/2025,Egypt major tier completed at El Dabaa nuclear energy plantConstruction progress at El Dabaa,ECON,,EGY | MLI | RUS,RUS | EGY | MLI,EG | ML,,,,2025-07-21,Egypt major tier completed at El Dabaa nuclear energy plant,Construction progress at El Dabaa,7.0,4.514285714,,,EGYPTIAN | EGYPT | MALI | RUSSIA,RUSSIA | RUSSIAN | EGYPT | MALI,"['REJECT', 'THREATEN']",
https://leadership.ng/russia-not-using-nigerians-to-build-drones-ambassador/,7/20/2025,Russia not using Nigerians to build drones - AmbassadorRussian Ambassador denial,INFO,,NGA,RUS,NI,,,,2025-07-20,Russia not using Nigerians to build drones - Ambassador,Russian Ambassador denial,1.0,0.0,,,NIGERIAN,RUSSIA,['DEMAND'],
https://dailynews.co.tz/russia-tanzania-expand-economic-cooperation/,7/11/2025,"dar es salaam: at the heart of the bustling 49th sabasaba international trade fair in dar es salaam, a renewed spirit of collaboration between tanzania and russia was on full display. for the second consecutive year, the trade fair featured a dedicated russia day, a strategic",SEC,30.0,RUS | TZA,TZA | RUS,TZ,"['Russia', 'Tanzania', 'Daily News', 'DAR ES SALAAM', '49th', 'Sabasaba International Trade Fair', 'Dar es Salaam', 'Tanzania', 'Russia', 'the second consecutive year', 'Russia Day', 'the Russian Embassy']","['GPE', 'GPE', 'ORG', 'GPE', 'ORDINAL', 'EVENT', 'GPE', 'GPE', 'GPE', 'DATE', 'EVENT', 'ORG']",,2025-07-11,"Russia, Tanzania expand economic cooperation - Daily News","DAR ES SALAAM: AT the heart of the bustling 49th Sabasaba International Trade Fair in Dar es Salaam, a renewed spirit of collaboration between Tanzania and Russia was on full display. For the second consecutive year, the trade fair featured a dedicated Russia Day, a strategic initiative by the Russian Embassy aimed at deepening bilateral",8.0,4.65,Daily News - Tanzania Standard Newspapers,en-US,RUSSIA | RUSSIAN | TANZANIA,TANZANIA | RUSSIA,[],Esther Kasanga
https://www.thecitizen.co.tz/tanzania/business/tanzania-now-beckons-russian-investors-for-gas-tech-growth-5114222,7/11/2025,the country is actively seeking international partnerships to bolster its economic capacity.,ECON,30.0,TZA,RUS,TZ,"['Tanzania', 'Russian']","['GPE', 'NORP']",,2025-07-11,"Tanzania now beckons Russian investors for gas, tech growth | The Citizen",The country is actively seeking international partnerships to bolster its economic capacity.,1.0,6.4,The Citizen,en,TANZANIA,RUSSIA,[],
https://www.thecable.ng/russia-offers-to-expand-scholarship-slots-for-nigerian-students-eyes-cultural-cooperation/,7/11/2025,Russia offers to expand scholarship slots for Nigerian studentsRussia-Nigeria cultural and educational cooperation,ECON,,NGA | RUS,RUS | NGA,NI,,,,2025-07-11,Russia offers to expand scholarship slots for Nigerian students,Russia-Nigeria cultural and educational cooperation,4.0,4.0,,,NIGERIA | RUSSIA,RUSSIA | NIGERIA,[],
https://blueprint.ng/bilateral-cooperation-russia-to-increase-scholarship-quota-for-nigerian-students-from-220/,7/11/2025,Russia to increase scholarship quota for Nigerian studentsScholarship expansion announcement,ECON,,RUS,NGA,NI,,,,2025-07-11,Russia to increase scholarship quota for Nigerian students,Scholarship expansion announcement,4.0,4.75,,,RUSSIAN FEDERATION | RUSSIA,NIGERIA,['USE UNCONVENTIONAL MASS VIOLENCE'],
https://guardian.ng/news/nigeria/national/russia-offers-more-scholarships-to-nigerians-under-new-cultural-pact/,7/10/2025,Russia offers more scholarships to Nigerians under new cultural pactRussia-Nigeria cultural agreement,ECON,,NGA | RUS,RUS | NGA,NI,,,,2025-07-10,Russia offers more scholarships to Nigerians under new cultural pact,Russia-Nigeria cultural agreement,7.0,6.028571429,,,ABUJA | RUSSIAN FEDERATION | RUSSIA | RUSSIAN,RUSSIAN | NIGERIAN | NIGERIA | ABUJA,['USE UNCONVENTIONAL MASS VIOLENCE'],
https://tribuneonlineng.com/education-russia-offers-to-increase-annual-scholarship-for-nigerian-students/,7/10/2025,Russia offers to increase annual scholarship for Nigerian studentsEducation cooperation,ECON,,RUS,NGA,NI,,,,2025-07-10,Russia offers to increase annual scholarship for Nigerian students,Education cooperation,4.0,3.5,,,RUSSIAN | RUSSIA,NIGERIAN | NIGERIA,['DEMAND'],
https://www.diamondworld.net/news/david-kellie-to-step-down-as-natural-diamond-council-ceo-after-pivotal-six-year-tenure,7/9/2025,"david kellie, the chief executive officer of the natural diamond council (ndc), has announced he will step down from his role at the end of 2025, marking the close of a transformative six-year chapter for the organisation",ECON,33.0,RUS,,AO,"['David Kellie', 'Natural Diamond Council', 'Six-Year', 'David Kellie', 'the Natural Diamond Council', 'NDC', 'the end of 2025', 'six-year']","['PERSON', 'ORG', 'DATE', 'PERSON', 'ORG', 'ORG', 'DATE', 'DATE']","David Kellie,Chief Executive Officer , Natural Diamond Council",2025-07-09,David Kellie to Step Down as Natural Diamond Council CEO After Pivotal Six-Year Tenure,"David Kellie, the Chief Executive Officer of the Natural Diamond Council (NDC), has announced he will step down from his role at the end of 2025, marking the close of a transformative six-year chapter for the organisation",1.0,1.9,Diamond World,en,RUSSIAN,,[],diamond world news service
https://africa.com/russia-allegedly-tricks-african-farmers-into-fighting-in-ukraine/,7/8/2025,russia has been luring young africans like jean onana from cameroon and malik diop from senegal with promises of factory jobs and high pay—only to coerce,SEC,17.0,RUS,UKR,CM,"['Russia', 'African', 'Ukraine', 'Russia', 'Africans', 'Jean Onana', 'Cameroon', 'Malik Diop', 'Senegal']","['GPE', 'NORP', 'GPE', 'GPE', 'NORP', 'PERSON', 'GPE', 'PERSON', 'GPE']",,2025-06-12,Russia Allegedly Tricks African Farmers into Fighting in Ukraine | africa.com,Russia has been luring young Africans like Jean Onana from Cameroon and Malik Diop from Senegal with promises of factory jobs and high pay—only to coerce,1.0,-10.0,Africa.com,en-US,RUSSIA,UKRAINE,"['Use conventional military force, not specified below']",
https://timesofindia.indiatimes.com/world/rest-of-world/russia-skirts-western-sanctions-to-ramp-up-its-military-footprint-in-africa/articleshow/121744191.cms,7/7/2025,"rest of world news: even as it pounds ukraine, russia is expanding its military footprint in africa, delivering sophisticated weaponry to sub-saharan conflict zones where.",SEC,17.0,MLI | RUS,RUS | MLI,ML,"['Russia', 'Africa', 'World News', 'Times of India', 'Rest of World News', 'Ukraine', 'Russia', 'Africa', 'sub-Saharan conflict zones']","['GPE', 'LOC', 'ORG', 'ORG', 'ORG', 'GPE', 'GPE', 'LOC', 'LOC']","africa,kremlin,russia,dmitry peskov,dakar",2025-06-10,Russia skirts Western sanctions to ramp up its military footprint in Africa | World News - Times of India,"Rest of World News: Even as it pounds Ukraine, Russia is expanding its military footprint in Africa, delivering sophisticated weaponry to sub-Saharan conflict zones where.",2.0,1.0,The Times of India,en,MALIAN | RUSSIAN,RUSSIAN | MALIAN,[],
https://www.opinionnigeria.com/africa-benefits-from-russian-fertilizers-and-agricultural-exports-by-kester-kenn-klomegah/,7/6/2025,Africa benefits from Russian fertilizers and agricultural exportsRussia-Africa agricultural trade,ECON,,AFR | RUS,RUS,AO | AG,,,,2025-07-06,Africa benefits from Russian fertilizers and agricultural exports,Russia-Africa agricultural trade,2.0,0.2,,,AFRICA | RUSSIA,RUSSIAN | NEWS AGENCY,"['DEMAND', 'THREATEN']",
https://dailytrust.com/ukraine-fighters-capture-nigerian-fighting-for-russia/,7/5/2025,"a nigerian national, kehinde oluwagbemileke, who was reportedly fighting for the russian military in the ongoing war in ukraine, has been captured by ukrainian...",SEC,3.0,NGA | RUS,RUS | NGA,NI,"['Ukraine', 'Nigerian', 'Russia', 'Daily Trust', 'Nigerian', 'Kehinde Oluwagbemileke', 'Russian', 'Ukraine', 'Ukrainian']","['GPE', 'NORP', 'GPE', 'ORG', 'NORP', 'PERSON', 'NORP', 'GPE', 'NORP']",,2025-07-05,Ukraine fighters capture Nigerian fighting for Russia – Daily Trust,"A Nigerian national, Kehinde Oluwagbemileke, who was reportedly fighting for the Russian military in the ongoing war in Ukraine, has been captured by Ukrainian...",5.0,-8.0,Daily Trust,en-GB,NIGERIAN | RUSSIA,RUSSIAN | NIGERIA,"['Use conventional military force, not specified below', 'Arrest, detain, or charge with legal action']",
https://quicknews-africa.net/association-seeks-deeper-nigeria-russia-relations-to-boost-charcoal-trade/,7/5/2025,"alhaji lawan ali, chairman, electoral committee of charcoal association in nigeria, has called for deeper diplomatic ties between russia and nigeria to boost charcoal trade. ali told the news agen…",ECON,27.0,NGA | RUS,RUS | NGA,NI,"['Association', 'Nigeria', 'Russia', 'Alhaji Lawan Ali', 'Electoral Committee of Charcoal Association', 'Nigeria', 'Russia', 'Nigeria', 'Ali', 'Agen']","['ORG', 'GPE', 'GPE', 'PERSON', 'ORG', 'GPE', 'GPE', 'GPE', 'PERSON', 'ORG']",,2025-07-05,Association seeks deeper Nigeria-Russia relations to boost charcoal trade | QUICK NEWS AFRICA,"Alhaji Lawan Ali, Chairman, Electoral Committee of Charcoal Association in Nigeria, has called for deeper diplomatic ties between Russia and Nigeria to boost charcoal trade. Ali told the News Agen…",5.0,4.44,,en-GB,GOVERNMENT | NIGERIA | NIGERIAN | RUSSIA,RUSSIA | NIGERIA,['USE UNCONVENTIONAL MASS VIOLENCE'],
http://www.sierraleonetimes.com/news/278423144/russia-and-african-island-nation-discuss-strengthening-ties,7/4/2025,moscow’s embassy in sao tome and principe says officials from both countries have met for talks focused on areas of mutual interest read full,DIP,30.0,RUS | STP,STP | RUS,TP,"['Russia', 'African', 'Moscow', 'Sao Tome', 'Principe']","['GPE', 'NORP', 'GPE', 'GPE', 'GPE']","african island, talks, vladimir, island, anniversary, securitysao tome, bilateral, island nation, russia",2025-07-07,Russia and African island nation discuss strengthening ties,Moscow’s embassy in Sao Tome and Principe says officials from both countries have met for talks focused on areas of mutual interest Read Full,16.0,4.625,Sierra Leone Times,en,RUSSIA | RUSSIAN | VLADIMIR | SAO TOME AND PRINCIPE | SAO TOMEAN,SAO TOME AND PRINCIPE | SAO TOMEAN | RUSSIA | RUSSIAN | VLADIMIR,[],
https://quicknews-africa.net/78-nigerian-students-arrive-russia-on-scholarship-embassy/,7/4/2025,"seventy eight nigerians who are on scholarship to study various courses have arrived in russia, the nigerian embassy in moscow has said. the students, who are part of the second batch of the 2020/…",DIP,27.0,NGA,RUS,NI,"['78', 'Nigerian', 'Russia', 'Seventy Eight', 'Nigerians', 'Russia', 'Nigerian', 'Moscow', 'second']","['CARDINAL', 'NORP', 'GPE', 'CARDINAL', 'NORP', 'GPE', 'NORP', 'GPE', 'ORDINAL']",,2025-07-04,78 Nigerian students arrive Russia on Scholarship — Embassy | QUICK NEWS AFRICA,"Seventy Eight Nigerians who are on scholarship to study various courses have arrived in Russia, the Nigerian Embassy in Moscow has said. The students, who are part of the second batch of the 2020/…",1.0,1.9,,en-GB,NIGERIAN,RUSSIA,[],
http://www.austinglobe.com/news/278420775/russia-trains-ugandan-medics-to-fight-deadly-epidemics,7/3/2025,moscow’s health watchdog has begun advanced courses in kampala as part of health cooperation with africa,SEC,28.0,RUS,RUS,ET | UG,"['Russia', 'Ugandan', 'Moscow', 'Kampala', 'Africa']","['GPE', 'NORP', 'GPE', 'GPE', 'LOC']","congohealth watchdog, medical, broader, courses, disease control, emergency, including, the african, initiative",2025-07-03,Russia trains Ugandan medics to fight deadly epidemics,Moscow’s health watchdog has begun advanced courses in Kampala as part of health cooperation with Africa Read Full Article at RT.com,4.0,0.0,Austin Globe,en,POPULATION | RUSSIA | RUSSIAN,RUSSIA | VLADIMIR PUTIN,"['DEMAND', 'PROTEST']",
"https://www.africaintelligence.com/central-africa/2025/06/11/in-trouble-in-bangui-livestock-minister-turns-to-moscow,110464108-art",6/11/2025,"former deputy in the union for peace rebel group, hassan bouba has just made an official visit to russia.",SEC,19.0,,RUS,CT,"['Central African Republic', 'Bangui', 'Moscow', '11/06/2025', 'Africa Intelligence', 'Union for Peace', 'Hassan Bouba', 'Russia', ""the Central African Republic's"", '6/11/2025']","['GPE', 'GPE', 'GPE', 'DATE', 'ORG', 'ORG', 'PERSON', 'GPE', 'GPE', 'DATE']",,2025-06-11,"Central African Republic • In trouble in Bangui, livestock minister turns to Moscow - 11/06/2025 - Africa Intelligence","Former deputy in the Union for Peace rebel group, Hassan Bouba has just made an official visit to Russia. This was a way for him to reaffirm his commitment to the Central African Republic's - 6/11/2025",2.0,1.9,Africa Intelligence,en,REBEL GROUP,RUSSIA,[],
https://tass.com/economy/1971849,6/11/2025,russia supplied unprecedented 10 mln tons of grain to egypt last year — ambassador - business & economy - tass,ECON,29.0,EGY | RUS,RUS | EGY,EG,"['Russia', '10 mln tons', 'Egypt', 'last year', 'Russia', 'Georgy Borisenko']","['GPE', 'QUANTITY', 'GPE', 'DATE', 'GPE', 'PERSON']",,2025-06-11,Russia supplied unprecedented 10 mln tons of grain to Egypt last year — ambassador -  Business & Economy - TASS,"""This is an unprecedented figure because nobody in the world purchased grain in such volumes and Russia sold so many bread to no one,"" Georgy Borisenko stressed",5.0,6.6,TASS,,EGYPT | RUSSIAN | RUSSIA,RUSSIAN | EGYPT | AMBASSADOR,[],
https://www.asiaone.com/world/russia-says-plan-boost-role-africa-includes-sensitive-security-ties,6/10/2025,"moscow — russia plans to step up co-operation with african countries, including in ""sensitive areas"" such as defence and security, the kremlin said on monday (june 9).russian mercenary group wagner said last week it was leaving mali after helping the military junta there in its fight with islamist militants. but the africa corps, a kremlin-controlled paramilitary force, said it would...",ECON,10.0,RUS,RUS,ML,"['Russia', 'Africa', 'World News', 'AsiaOne', 'MOSCOW', 'Russia', 'African', 'Kremlin', 'Monday', 'June 9).Russian', 'Wagner', 'last week', 'Mali', 'Islamist', 'the Africa Corps', 'Kremlin']","['GPE', 'LOC', 'ORG', 'GPE', 'GPE', 'GPE', 'NORP', 'ORG', 'DATE', 'DATE', 'ORG', 'DATE', 'GPE', 'NORP', 'ORG', 'ORG']",,2025-06-03,"Russia says plan to boost role in Africa includes 'sensitive' security ties, World News - AsiaOne","MOSCOW — Russia plans to step up co-operation with African countries, including in ""sensitive areas"" such as defence and security, the Kremlin said on Monday (June 9).Russian mercenary group Wagner said last week it was leaving Mali after helping the military junta there in its fight with Islamist militants. But the Africa Corps, a Kremlin-controlled paramilitary force, said it would...",6.0,-4.333333333,AsiaOne,,RUSSIAN | MILITANT,MILITANT | RUSSIAN,"['Use conventional military force, not specified below']",
https://www.eurasiareview.com/09062025-russia-ratifies-agreement-on-pipeline-construction-in-congo-republic-oped/,6/9/2025,"russian president vladimir putin has signed an agreement ratifying between the governments of the russian federation and the republic of the congo on building an oil pipeline, connecting the pointe-noire - loutete - maloukou - trechot, on the territory of the republic of the congo.",ECON,30.0,RUS,,CF,"['Russia', 'Congo Republic', 'Eurasia Review', 'Russian', 'Vladimir Putin', 'the Russian Federation', 'the Republic of the Congo', 'the Pointe-Noire - Loutete - Maloukou - Trechot', 'the Republic of the Congo', 'Federal Law On Ratifying the Agreement']","['GPE', 'GPE', 'ORG', 'NORP', 'PERSON', 'GPE', 'GPE', 'FAC', 'GPE', 'LAW']",,2025-06-09,Russia Ratifies Agreement On Pipeline Construction In Congo Republic – OpEd – Eurasia Review,"Russian President Vladimir Putin has signed an agreement ratifying between the governments of the Russian Federation and the Republic of the Congo on building an oil pipeline, connecting the Pointe-Noire - Loutete - Maloukou - Trechot, on the territory of the Republic of the Congo. The agreement document titled ""Federal Law On Ratifying the Agreement...",2.0,8.0,Eurasia Review,en-US,RUSSIAN,GOVERNMENT,[],
https://www.zawya.com/en/business/swf/omani-fund-replaces-russias-alrosa-in-angolan-diamond-miner-catoca-d2bpui7g,6/9/2025,"angola had been under pressure to cease its long-standing partnership with the russian state-controlled alrosa, the world's largest producer of rough diamonds by volume",ECON,33.0,OMN,RUS,AO,"['Omani', 'Russia', 'Alrosa', 'Angolan', 'Catoca', 'Angola', 'Russian', 'Alrosa']","['NORP', 'GPE', 'ORG', 'NORP', 'ORG', 'ORG', 'NORP', 'ORG']","INVESTMENT,ANGOLA,FUNDS,OMAN,MIDDLE EAST,AFRICA,MINING",2025-06-09,Omani fund replaces Russia's Alrosa in Angolan diamond miner Catoca,"Angola had been under pressure to cease its long-standing partnership with the Russian state-controlled Alrosa, the world's largest producer of rough diamonds by volume",1.0,7.4,,en,OMAN,RUSSIAN,[],
https://tass.com/economy/1970637,6/9/2025,stake of alrosa in angolan catoca transferred to structure of oman’s sovereign fund - business & economy - tass,ECON,33.0,RUS,AGO,AO,"['Alrosa', 'Angolan', 'Oman', '59%', 'the National Diamond Company of Angola Endiama']","['ORG', 'NORP', 'GPE', 'PERCENT', 'ORG']",,2025-06-09,Stake of Alrosa in Angolan Catoca transferred to structure of Oman’s sovereign fund -  Business & Economy - TASS,"As per data released on the company’s website, 59% is owned by the National Diamond Company of Angola Endiama",1.0,-5.0,TASS,,RUSSIA,ANGOLAN,"['Arrest, detain, or charge with legal action']",
https://www.miragenews.com/mali-army-wagner-group-kill-fulani-civilians-1500631/,6/7/2025,"mali: army, wagner group kill fulani civilians | mirage news",SEC,9.0,MLI | RUS,RUS | MLI,ML,"['Mali', 'Army', 'Wagner Group', 'Fulani', 'Civilians', 'Mirage News', 'Mali', 'Russia', 'Wagner Group', 'dozens']","['GPE', 'ORG', 'ORG', 'NORP', 'NORP', 'ORG', 'GPE', 'GPE', 'ORG', 'CARDINAL']",,2025-07-22,"Mali: Army, Wagner Group Kill Fulani Civilians | Mirage News",Mali 's armed forces and the allied Russia-backed Wagner Group have committed dozens of summary executions and enforced disappearances of ethnic,2.0,1.65,Mirage News,en-AU,MALI | RUSSIAN,RUSSIA | MALIAN,"['Arrest, detain, or charge with legal action']",
https://thesun.my/world-news/putin-signs-bill-ratifying-russia-seychelles-treaty-on-mutual-assistance-in-criminal-cases-AG14215306,6/7/2025,"russia ratifies treaty with seychelles for mutual legal aid in criminal matters, covering financial and customs crimes.",DIP,30.0,RUS,,SE,"['Putin', 'Russia', 'Seychelles', 'Russia', 'Seychelles']","['PERSON', 'GPE', 'GPE', 'GPE', 'GPE']",republic of seychelles,2025-06-07,Putin ratifies Russia-Seychelles legal aid treaty,"Russia ratifies treaty with Seychelles for mutual legal aid in criminal matters, covering financial and customs crimes.",2.0,6.0,thesun.my,en-MY,MOSCOW | RUSSIA,CRIMINAL,[],
,6/6/2025,wagner (wg) mali exit and africa corps (ac) entry,SEC,,,,,,,,,,,,,,,,,,
https://tass.com/world/1968409,6/4/2025,"according to speaker of the senate of somalia’s federal parliament abdi hashi abdullahi, russia’s decision reaffirms its unwavering commitment to international cooperation, equitable development, and the principles of mutual respect and partnership",ECON,30.0,RUS | SOM,SOM | RUS,SO,"['Somalia', 'Russia', 'the Senate of Somalia’s', 'Federal Parliament', 'Abdi Hashi Abdullahi', 'Russia']","['GPE', 'GPE', 'ORG', 'ORG', 'PERSON', 'GPE']",,2025-06-04,Somalia thanks to Russia for writing off significant portion of external debt -  World - TASS,"According to Speaker of the Senate of Somalia’s Federal Parliament Abdi Hashi Abdullahi, Russia’s decision reaffirms its unwavering commitment to international cooperation, equitable development, and the principles of mutual respect and partnership",2.0,5.4,TASS,,RUSSIAN FEDERATION | SOMALIA,SOMALIA | RUSSIA,[],
,5/10/2025,nigeria's chief of defence staff and russian defence minister andrey belousov expressed preparedness to provide necessary military assistance to the armed forces of nigeria during nigeria's solidarity visit for russia's 80th victory day commemoration,SEC,,,,,,,,,,,,,,,,,,
,4/29/2025,"andrei averianov, special representative of the russian minister of defence pledged advanced weaponry, operational assistance, and strategic counter terrorism expertise to nigeria during visit to defence headquarters in abuja",SEC,,,,,,,,,,,,,,,,,,
,4/8/2025,russian foreign minister sergei lavrov confirmed moscow will utilize existing military instructors in the three west african nations,SEC,,,,,,,,,,,,,,,,,,
,4/7/2025,"russia agreed to supply arms and military training to newly established 5000-strong joint force formed by mali, niger, and burkina faso",SEC,,,,,,,,,,,,,,,,,,
,4/1/2025,russia began rehabilitating the abandoned matan al-sarra airbase in the libyan desert,SEC,,,,,,,,,,,,,,,,,,
,3/18/2025,mali follows aes partners in quitting organisation internationale de la francophonie,SEC,,,,,,,,,,,,,,,,,,
,2/12/2025,sudanese foreign minister ali al-sharif reported agreement with sergei lavrov to host a russian naval base at port sudan,SEC,,,,,,,,,,,,,,,,,,
https://defenceweb.co.za/land/land-land/suspected-south-african-mercenaries-in-donbas-call-for-government-help/,2024-11-07,Suspected South African mercenaries in Donbas call for government help - defenceWeb,SEC,,RUS,AFR,SF,,,,2024-11-07,Suspected South African mercenaries in Donbas call for government help - defenceWeb,President Cyril Ramaphosa has ordered an investigation into the circumstances that led to the recruitment of 17 young men into suspected mercenary activities,2,-10.0,defenceWeb,en-ZA,RUSSIAN | RUSSIA,AFRICA,"['Use conventional military force, not specified below']",
https://saharareporters.com/2025/11/05/how-african-women-got-trapped-russias-drone-factories-after-fake-job-promises-report,2024-11-05,How African Women Got Trapped In Russia’s Drone Factories After Fake Job Promises – Report | Sahara Reporters,SEC,,RUS,SSD,SF,,,"Nigeria,Africa,investigative reporting,breaking news,politics,government,business,corruption,sports,entertainment",2024-11-05,How African Women Got Trapped In Russia’s Drone Factories After Fake Job Promises – Report | Sahara Reporters,Some African women brought in as trainees have been stuck in Russia amid its war with Ukraine. The victims told BBC that they went to Russia with hopes of jobs which ended up as false.,2,0.4,,en,TATARSTAN | RUSSIA,SOUTH SUDAN,['Make optimistic comment'],
https://www.ynetnews.com/article/by33gzwy11g,2024-11-04,Global fears grow of Mali’s collapse as Jihadists tighten siege on capital,SEC,,RUS,,ML,,,,2024-11-04,Global fears grow of Mali’s collapse as Jihadists tighten siege on capital,"Mali’s potential collapse could destabilize the entire Sahel, a region crucial to global security, migration, and counterterrorism efforts; its fall would expand jihadist influence across West Africa and deepen Russia’s foothold on the continent",2,-4.5,ynetglobal,en,RUSSIA,,"['Make statement, not specified below', 'Use unconventional violence, not specified below']",
https://www.newsday.co.zw/business/article/200047512/saz-resuscitates-mou-with-russias-standards-body,2024-10-22,SAZ resuscitates MoU with Russia’s standards body -Newsday Zimbabwe,ECON,,ZWE,RUS,ZI,,,Standards Association of Zimbabwe;Memorandum of Understanding,2024-10-22,SAZ resuscitates MoU with Russia’s standards body -Newsday Zimbabwe,THE Standards Association of Zimbabwe (SAZ) has crafted an implementation plan for its Memorandum of Understanding (MoU) signed with Russia’s GOST R over a year and a half ago,2,7.2,NewsDay,en,ZIMBABWE,RUSSIA,"['Cooperate economically', 'Sign formal agreement']",BELINDA CHIROODZA
https://thebftonline.com/2025/10/06/russia-and-ghana-united-by-common-interests-2/,2015-10-09,Russia and Ghana: united by common interests - The Business & Financial Times,DIP,,RUS,AFR,GH,,,,2015-10-09,Russia and Ghana: united by common interests - The Business & Financial Times,"By Kestér Kenn KLOMEGÂH Within the context of rapidly changing geopolitics, Russia and Ghana are closely united behind rising expectations of sustaining their bilateral relations. In an interview during a working visit to Ghana, in early October 2025, Dmitry Savelyev, State Duma, MP and Member of International Affairs Committee, discussed Russia’s growing influence and multifaceted […]",1,0.0,The Business & Financial Times,en-GB,RUSSIA,AFRICA,['Consider policy option'],Francis
https://www.pressenza.com/2025/10/russia-and-ghana-united-by-common-interests/,10/6/2015,Russia and Ghana: United By Common InterestsAnalysis of Russia-Ghana cooperation,DIP,,RUS,AFR,GH,,,,2015-10-06,Russia and Ghana: United By Common Interests,Analysis of Russia-Ghana cooperation,1.0,0.0,Pressenza,en-US,RUSSIA,AFRICA,['PROTEST'],Kester Kenn Klomegah
https://thebftonline.com/2025/10/02/russia-and-ghana-united-by-common-interests/,10/5/2015,Russia and Ghana: United by common interestsRussia-Ghana bilateral relations analysis,DIP,,RUS,AFR,GH,,,,2015-10-05,Russia and Ghana: United by common interests,Russia-Ghana bilateral relations analysis,1.0,0.0,The Business & Financial Times,en-GB,RUSSIA,AFRICA,['PROTEST'],Juliet Etefe